price,time
13316.67,2018-01-01 20:00:01
13309.01,2018-01-01 20:00:03
13331.0,2018-01-01 20:00:06
13331.0,2018-01-01 20:00:07
13331.0,2018-01-01 20:00:08
13348.91,2018-01-01 20:00:09
13348.68,2018-01-01 20:00:10
13350.0,2018-01-01 20:00:11
13336.0,2018-01-01 20:00:12
13350.0,2018-01-01 20:00:13
13347.4,2018-01-01 20:00:14
13350.0,2018-01-01 20:00:15
13351.76,2018-01-01 20:00:16
13357.67,2018-01-01 20:00:17
13359.15,2018-01-01 20:00:18
13365.82,2018-01-01 20:00:19
13366.17,2018-01-01 20:00:20
13354.18,2018-01-01 20:00:21
13368.87,2018-01-01 20:00:22
13367.81,2018-01-01 20:00:23
13368.87,2018-01-01 20:00:24
13365.84,2018-01-01 20:00:25
13368.87,2018-01-01 20:00:26
13368.99,2018-01-01 20:00:27
13366.84,2018-01-01 20:00:28
13368.99,2018-01-01 20:00:29
13368.99,2018-01-01 20:00:30
13360.98,2018-01-01 20:00:32
13374.28,2018-01-01 20:00:33
13368.99,2018-01-01 20:00:35
13393.51,2018-01-01 20:00:36
13370.16,2018-01-01 20:00:39
13368.51,2018-01-01 20:00:40
13383.78,2018-01-01 20:00:41
13383.78,2018-01-01 20:00:42
13385.31,2018-01-01 20:00:43
13398.5,2018-01-01 20:00:44
13385.33,2018-01-01 20:00:46
13385.34,2018-01-01 20:00:47
13377.53,2018-01-01 20:00:49
13378.67,2018-01-01 20:00:50
13378.67,2018-01-01 20:00:52
13375.91,2018-01-01 20:00:54
13375.91,2018-01-01 20:00:55
13367.86,2018-01-01 20:00:57
13375.17,2018-01-01 20:00:58
13375.17,2018-01-01 20:01:00
13379.04,2018-01-01 20:01:08
13376.45,2018-01-01 20:01:18
13355.54,2018-01-01 20:01:21
13369.58,2018-01-01 20:01:27
13379.4,2018-01-01 20:01:30
13373.83,2018-01-01 20:01:38
13350.36,2018-01-01 20:01:42
13341.24,2018-01-01 20:01:55
13346.83,2018-01-01 20:01:56
13340.15,2018-01-01 20:01:57
13340.37,2018-01-01 20:01:59
13340.37,2018-01-01 20:02:00
13347.04,2018-01-01 20:02:01
13335.4,2018-01-01 20:02:02
13331.0,2018-01-01 20:02:03
13337.19,2018-01-01 20:02:07
13339.48,2018-01-01 20:02:08
13346.46,2018-01-01 20:02:10
13347.04,2018-01-01 20:02:11
13348.8,2018-01-01 20:02:12
13332.94,2018-01-01 20:02:13
13350.88,2018-01-01 20:02:14
13332.45,2018-01-01 20:02:16
13351.37,2018-01-01 20:02:17
13348.71,2018-01-01 20:02:18
13351.17,2018-01-01 20:02:19
13353.2,2018-01-01 20:02:21
13351.17,2018-01-01 20:02:22
13355.9,2018-01-01 20:02:23
13355.66,2018-01-01 20:02:24
13355.16,2018-01-01 20:02:26
13340.45,2018-01-01 20:02:27
13355.16,2018-01-01 20:02:30
13355.16,2018-01-01 20:02:32
13355.16,2018-01-01 20:02:33
13355.16,2018-01-01 20:02:34
13360.33,2018-01-01 20:02:35
13361.83,2018-01-01 20:02:36
13366.3,2018-01-01 20:02:38
13364.56,2018-01-01 20:02:40
13364.55,2018-01-01 20:02:41
13364.52,2018-01-01 20:02:43
13364.52,2018-01-01 20:02:45
13364.33,2018-01-01 20:02:46
13360.48,2018-01-01 20:02:47
13366.54,2018-01-01 20:02:48
13373.81,2018-01-01 20:02:49
13373.81,2018-01-01 20:02:50
13373.81,2018-01-01 20:02:51
13379.42,2018-01-01 20:02:52
13379.42,2018-01-01 20:02:53
13379.14,2018-01-01 20:02:54
13383.88,2018-01-01 20:02:55
13383.88,2018-01-01 20:02:56
13383.88,2018-01-01 20:02:57
13385.71,2018-01-01 20:02:58
13392.59,2018-01-01 20:02:59
13396.67,2018-01-01 20:03:00
13400.0,2018-01-01 20:03:01
13403.38,2018-01-01 20:03:02
13405.33,2018-01-01 20:03:03
13406.92,2018-01-01 20:03:04
13407.43,2018-01-01 20:03:05
13409.4,2018-01-01 20:03:07
13403.31,2018-01-01 20:03:08
13403.31,2018-01-01 20:03:09
13409.5,2018-01-01 20:03:14
13404.5,2018-01-01 20:03:15
13404.5,2018-01-01 20:03:17
13406.0,2018-01-01 20:03:19
13410.2,2018-01-01 20:03:21
13415.6,2018-01-01 20:03:23
13416.1,2018-01-01 20:03:25
13416.1,2018-01-01 20:03:26
13422.3,2018-01-01 20:03:27
13433.53,2018-01-01 20:03:28
13437.01,2018-01-01 20:03:29
13446.48,2018-01-01 20:03:30
13448.11,2018-01-01 20:03:31
13448.34,2018-01-01 20:03:33
13455.65,2018-01-01 20:03:34
13445.33,2018-01-01 20:03:35
13445.32,2018-01-01 20:03:36
13457.61,2018-01-01 20:03:39
13459.24,2018-01-01 20:03:40
13453.71,2018-01-01 20:03:41
13449.93,2018-01-01 20:03:42
13456.56,2018-01-01 20:03:43
13462.21,2018-01-01 20:03:44
13486.25,2018-01-01 20:03:45
13488.0,2018-01-01 20:03:46
13500.0,2018-01-01 20:03:47
13492.81,2018-01-01 20:03:48
13503.34,2018-01-01 20:03:49
13513.5,2018-01-01 20:03:50
13510.46,2018-01-01 20:03:51
13510.47,2018-01-01 20:03:52
13506.18,2018-01-01 20:03:53
13506.18,2018-01-01 20:03:54
13510.46,2018-01-01 20:03:55
13496.09,2018-01-01 20:03:56
13503.71,2018-01-01 20:03:57
13496.0,2018-01-01 20:03:58
13522.0,2018-01-01 20:03:59
13523.29,2018-01-01 20:04:00
13503.33,2018-01-01 20:04:02
13503.33,2018-01-01 20:04:03
13526.17,2018-01-01 20:04:04
13503.32,2018-01-01 20:04:05
13513.73,2018-01-01 20:04:06
13510.06,2018-01-01 20:04:07
13511.54,2018-01-01 20:04:08
13490.92,2018-01-01 20:04:09
13490.93,2018-01-01 20:04:10
13499.2,2018-01-01 20:04:11
13495.54,2018-01-01 20:04:12
13513.73,2018-01-01 20:04:13
13489.92,2018-01-01 20:04:14
13487.58,2018-01-01 20:04:15
13492.0,2018-01-01 20:04:16
13491.98,2018-01-01 20:04:18
13494.63,2018-01-01 20:04:20
13482.2,2018-01-01 20:04:21
13493.96,2018-01-01 20:04:22
13494.63,2018-01-01 20:04:23
13482.2,2018-01-01 20:04:24
13494.6,2018-01-01 20:04:25
13494.63,2018-01-01 20:04:26
13512.21,2018-01-01 20:04:27
13499.98,2018-01-01 20:04:28
13508.56,2018-01-01 20:04:29
13489.99,2018-01-01 20:04:31
13473.88,2018-01-01 20:04:32
13470.78,2018-01-01 20:04:33
13494.8,2018-01-01 20:04:34
13501.66,2018-01-01 20:04:35
13494.3,2018-01-01 20:04:36
13470.79,2018-01-01 20:04:37
13461.77,2018-01-01 20:04:39
13460.33,2018-01-01 20:04:40
13494.3,2018-01-01 20:04:42
13486.45,2018-01-01 20:04:44
13496.0,2018-01-01 20:04:45
13496.0,2018-01-01 20:04:46
13496.0,2018-01-01 20:04:47
13459.46,2018-01-01 20:04:48
13457.61,2018-01-01 20:04:49
13483.93,2018-01-01 20:04:50
13461.43,2018-01-01 20:04:54
13473.66,2018-01-01 20:04:55
13457.4,2018-01-01 20:04:56
13451.44,2018-01-01 20:04:57
13457.39,2018-01-01 20:04:58
13469.28,2018-01-01 20:04:59
13464.95,2018-01-01 20:05:00
13466.43,2018-01-01 20:05:01
13466.42,2018-01-01 20:05:02
13460.26,2018-01-01 20:05:03
13460.26,2018-01-01 20:05:04
13458.4,2018-01-01 20:05:05
13443.8,2018-01-01 20:05:06
13449.13,2018-01-01 20:05:07
13435.33,2018-01-01 20:05:08
13440.33,2018-01-01 20:05:09
13441.33,2018-01-01 20:05:10
13430.11,2018-01-01 20:05:11
13434.8,2018-01-01 20:05:12
13443.43,2018-01-01 20:05:13
13443.43,2018-01-01 20:05:14
13443.78,2018-01-01 20:05:15
13434.8,2018-01-01 20:05:16
13446.51,2018-01-01 20:05:17
13444.3,2018-01-01 20:05:18
13444.29,2018-01-01 20:05:19
13444.3,2018-01-01 20:05:20
13445.84,2018-01-01 20:05:21
13446.55,2018-01-01 20:05:22
13458.12,2018-01-01 20:05:23
13459.24,2018-01-01 20:05:24
13462.31,2018-01-01 20:05:25
13466.56,2018-01-01 20:05:26
13464.25,2018-01-01 20:05:27
13466.56,2018-01-01 20:05:28
13466.56,2018-01-01 20:05:29
13460.64,2018-01-01 20:05:30
13457.41,2018-01-01 20:05:31
13451.38,2018-01-01 20:05:32
13473.29,2018-01-01 20:05:33
13480.0,2018-01-01 20:05:34
13475.0,2018-01-01 20:05:35
13447.38,2018-01-01 20:05:36
13465.87,2018-01-01 20:05:37
13453.4,2018-01-01 20:05:38
13455.9,2018-01-01 20:05:39
13460.73,2018-01-01 20:05:40
13453.4,2018-01-01 20:05:41
13466.95,2018-01-01 20:05:42
13465.46,2018-01-01 20:05:43
13465.44,2018-01-01 20:05:44
13467.22,2018-01-01 20:05:45
13467.21,2018-01-01 20:05:46
13460.44,2018-01-01 20:05:47
13461.43,2018-01-01 20:05:48
13461.93,2018-01-01 20:05:49
13461.93,2018-01-01 20:05:50
13461.93,2018-01-01 20:05:51
13461.92,2018-01-01 20:05:52
13461.92,2018-01-01 20:05:53
13465.03,2018-01-01 20:05:54
13463.12,2018-01-01 20:05:55
13461.94,2018-01-01 20:05:56
13450.4,2018-01-01 20:05:58
13471.69,2018-01-01 20:05:59
13457.39,2018-01-01 20:06:00
13455.4,2018-01-01 20:06:01
13466.26,2018-01-01 20:06:05
13450.03,2018-01-01 20:06:08
13450.03,2018-01-01 20:06:11
13450.0,2018-01-01 20:06:12
13450.0,2018-01-01 20:06:14
13450.39,2018-01-01 20:06:18
13450.0,2018-01-01 20:06:19
13450.0,2018-01-01 20:06:20
13450.0,2018-01-01 20:06:22
13450.0,2018-01-01 20:06:23
13450.0,2018-01-01 20:06:24
13450.0,2018-01-01 20:06:25
13450.0,2018-01-01 20:06:26
13450.0,2018-01-01 20:06:27
13450.0,2018-01-01 20:06:28
13450.0,2018-01-01 20:06:29
13450.0,2018-01-01 20:06:30
13450.0,2018-01-01 20:06:32
13450.0,2018-01-01 20:06:33
13450.0,2018-01-01 20:06:34
13450.0,2018-01-01 20:06:35
13450.0,2018-01-01 20:06:36
13450.0,2018-01-01 20:06:37
13450.02,2018-01-01 20:06:38
13450.0,2018-01-01 20:06:39
13450.0,2018-01-01 20:06:40
13456.1,2018-01-01 20:06:41
13457.78,2018-01-01 20:06:43
13466.5,2018-01-01 20:06:44
13469.1,2018-01-01 20:06:45
13472.37,2018-01-01 20:06:46
13452.78,2018-01-01 20:06:47
13453.8,2018-01-01 20:06:55
13473.54,2018-01-01 20:06:58
13468.55,2018-01-01 20:06:59
13452.24,2018-01-01 20:07:00
13452.24,2018-01-01 20:07:01
13450.0,2018-01-01 20:07:02
13479.3,2018-01-01 20:07:06
13450.0,2018-01-01 20:07:14
13450.0,2018-01-01 20:07:19
13450.0,2018-01-01 20:07:21
13464.52,2018-01-01 20:07:27
13450.0,2018-01-01 20:07:28
13465.47,2018-01-01 20:07:29
13471.25,2018-01-01 20:07:32
13472.82,2018-01-01 20:07:34
13482.51,2018-01-01 20:07:38
13467.9,2018-01-01 20:07:40
13466.54,2018-01-01 20:07:41
13487.23,2018-01-01 20:07:44
13482.09,2018-01-01 20:07:45
13490.48,2018-01-01 20:07:46
13490.48,2018-01-01 20:07:47
13486.89,2018-01-01 20:07:48
13486.89,2018-01-01 20:07:50
13488.83,2018-01-01 20:07:51
13488.83,2018-01-01 20:07:53
13488.82,2018-01-01 20:07:57
13480.41,2018-01-01 20:07:59
13488.83,2018-01-01 20:08:03
13500.0,2018-01-01 20:08:04
13500.0,2018-01-01 20:08:05
13506.75,2018-01-01 20:08:06
13506.75,2018-01-01 20:08:07
13509.76,2018-01-01 20:08:08
13509.76,2018-01-01 20:08:09
13509.76,2018-01-01 20:08:12
13509.76,2018-01-01 20:08:13
13509.76,2018-01-01 20:08:14
13509.76,2018-01-01 20:08:15
13496.8,2018-01-01 20:08:17
13496.8,2018-01-01 20:08:18
13501.82,2018-01-01 20:08:19
13501.81,2018-01-01 20:08:20
13501.81,2018-01-01 20:08:21
13509.76,2018-01-01 20:08:22
13509.76,2018-01-01 20:08:23
13509.76,2018-01-01 20:08:24
13509.84,2018-01-01 20:08:25
13509.84,2018-01-01 20:08:26
13505.39,2018-01-01 20:08:27
13504.39,2018-01-01 20:08:28
13504.37,2018-01-01 20:08:36
13504.37,2018-01-01 20:08:37
13506.06,2018-01-01 20:08:38
13511.13,2018-01-01 20:08:42
13511.13,2018-01-01 20:08:43
13511.13,2018-01-01 20:08:44
13517.89,2018-01-01 20:08:45
13505.53,2018-01-01 20:08:49
13517.5,2018-01-01 20:08:54
13517.5,2018-01-01 20:08:55
13526.18,2018-01-01 20:08:56
13527.34,2018-01-01 20:08:57
13531.01,2018-01-01 20:08:58
13524.36,2018-01-01 20:08:59
13524.36,2018-01-01 20:09:00
13531.0,2018-01-01 20:09:02
13531.02,2018-01-01 20:09:04
13532.68,2018-01-01 20:09:05
13526.01,2018-01-01 20:09:07
13517.7,2018-01-01 20:09:08
13525.88,2018-01-01 20:09:10
13530.57,2018-01-01 20:09:15
13530.57,2018-01-01 20:09:16
13530.57,2018-01-01 20:09:17
13530.33,2018-01-01 20:09:18
13536.73,2018-01-01 20:09:19
13520.72,2018-01-01 20:09:20
13539.55,2018-01-01 20:09:21
13518.36,2018-01-01 20:09:22
13526.72,2018-01-01 20:09:23
13533.84,2018-01-01 20:09:24
13540.6,2018-01-01 20:09:25
13537.17,2018-01-01 20:09:27
13526.08,2018-01-01 20:09:28
13542.55,2018-01-01 20:09:30
13542.56,2018-01-01 20:09:31
13543.49,2018-01-01 20:09:32
13545.44,2018-01-01 20:09:33
13546.65,2018-01-01 20:09:34
13546.63,2018-01-01 20:09:36
13546.64,2018-01-01 20:09:37
13526.08,2018-01-01 20:09:38
13545.46,2018-01-01 20:09:39
13547.35,2018-01-01 20:09:40
13535.46,2018-01-01 20:09:42
13535.46,2018-01-01 20:09:43
13542.22,2018-01-01 20:09:44
13547.36,2018-01-01 20:09:45
13542.25,2018-01-01 20:09:46
13552.14,2018-01-01 20:09:47
13552.42,2018-01-01 20:09:48
13552.28,2018-01-01 20:09:49
13552.3,2018-01-01 20:09:51
13556.39,2018-01-01 20:09:52
13526.66,2018-01-01 20:09:53
13559.67,2018-01-01 20:09:54
13526.35,2018-01-01 20:09:55
13552.39,2018-01-01 20:09:56
13560.89,2018-01-01 20:09:57
13552.39,2018-01-01 20:09:59
13560.88,2018-01-01 20:10:00
13552.18,2018-01-01 20:10:01
13557.79,2018-01-01 20:10:02
13560.89,2018-01-01 20:10:03
13566.82,2018-01-01 20:10:04
13568.0,2018-01-01 20:10:05
13563.0,2018-01-01 20:10:07
13563.02,2018-01-01 20:10:09
13582.02,2018-01-01 20:10:10
13578.36,2018-01-01 20:10:11
13582.52,2018-01-01 20:10:12
13576.7,2018-01-01 20:10:13
13580.71,2018-01-01 20:10:14
13581.61,2018-01-01 20:10:15
13564.41,2018-01-01 20:10:18
13564.41,2018-01-01 20:10:19
13564.61,2018-01-01 20:10:20
13569.43,2018-01-01 20:10:21
13576.4,2018-01-01 20:10:22
13576.4,2018-01-01 20:10:23
13585.62,2018-01-01 20:10:25
13586.87,2018-01-01 20:10:26
13588.0,2018-01-01 20:10:28
13585.82,2018-01-01 20:10:29
13596.87,2018-01-01 20:10:30
13592.53,2018-01-01 20:10:31
13597.22,2018-01-01 20:10:32
13597.22,2018-01-01 20:10:33
13597.22,2018-01-01 20:10:34
13597.21,2018-01-01 20:10:35
13600.0,2018-01-01 20:10:36
13600.0,2018-01-01 20:10:37
13615.92,2018-01-01 20:10:38
13601.98,2018-01-01 20:10:39
13591.97,2018-01-01 20:10:40
13600.0,2018-01-01 20:10:41
13600.01,2018-01-01 20:10:42
13575.21,2018-01-01 20:10:43
13575.21,2018-01-01 20:10:46
13575.2,2018-01-01 20:10:47
13580.03,2018-01-01 20:10:48
13578.69,2018-01-01 20:10:49
13576.21,2018-01-01 20:10:50
13581.58,2018-01-01 20:10:51
13581.59,2018-01-01 20:10:52
13574.2,2018-01-01 20:10:53
13574.19,2018-01-01 20:10:54
13575.2,2018-01-01 20:10:55
13576.21,2018-01-01 20:10:57
13576.2,2018-01-01 20:10:58
13576.21,2018-01-01 20:11:00
13561.31,2018-01-01 20:11:02
13561.29,2018-01-01 20:11:03
13558.09,2018-01-01 20:11:04
13558.07,2018-01-01 20:11:05
13552.42,2018-01-01 20:11:06
13546.58,2018-01-01 20:11:07
13542.43,2018-01-01 20:11:08
13557.2,2018-01-01 20:11:09
13558.48,2018-01-01 20:11:10
13577.21,2018-01-01 20:11:12
13577.22,2018-01-01 20:11:15
13585.48,2018-01-01 20:11:17
13585.48,2018-01-01 20:11:18
13582.08,2018-01-01 20:11:20
13597.34,2018-01-01 20:11:25
13569.05,2018-01-01 20:11:26
13580.0,2018-01-01 20:11:27
13569.06,2018-01-01 20:11:29
13589.99,2018-01-01 20:11:31
13590.0,2018-01-01 20:11:34
13595.13,2018-01-01 20:11:35
13580.23,2018-01-01 20:11:43
13580.24,2018-01-01 20:11:45
13572.02,2018-01-01 20:11:46
13570.18,2018-01-01 20:11:47
13591.54,2018-01-01 20:11:49
13575.19,2018-01-01 20:11:50
13564.73,2018-01-01 20:11:53
13564.73,2018-01-01 20:11:54
13570.18,2018-01-01 20:11:55
13555.46,2018-01-01 20:11:56
13549.23,2018-01-01 20:11:57
13546.76,2018-01-01 20:11:58
13545.58,2018-01-01 20:11:59
13563.78,2018-01-01 20:12:00
13563.36,2018-01-01 20:12:01
13545.2,2018-01-01 20:12:02
13545.2,2018-01-01 20:12:05
13545.2,2018-01-01 20:12:06
13545.2,2018-01-01 20:12:07
13544.32,2018-01-01 20:12:10
13544.32,2018-01-01 20:12:12
13544.32,2018-01-01 20:12:13
13558.6,2018-01-01 20:12:14
13560.82,2018-01-01 20:12:15
13562.67,2018-01-01 20:12:16
13562.68,2018-01-01 20:12:17
13571.18,2018-01-01 20:12:18
13554.93,2018-01-01 20:12:19
13549.93,2018-01-01 20:12:20
13549.93,2018-01-01 20:12:21
13548.52,2018-01-01 20:12:22
13570.45,2018-01-01 20:12:23
13571.12,2018-01-01 20:12:24
13570.18,2018-01-01 20:12:25
13589.79,2018-01-01 20:12:26
13572.6,2018-01-01 20:12:33
13572.56,2018-01-01 20:12:34
13572.63,2018-01-01 20:12:36
13562.95,2018-01-01 20:12:39
13584.62,2018-01-01 20:12:40
13584.05,2018-01-01 20:12:43
13562.94,2018-01-01 20:12:44
13575.4,2018-01-01 20:12:45
13584.62,2018-01-01 20:12:46
13594.8,2018-01-01 20:12:48
13598.79,2018-01-01 20:12:49
13615.02,2018-01-01 20:12:50
13616.35,2018-01-01 20:12:51
13588.79,2018-01-01 20:12:52
13606.12,2018-01-01 20:12:53
13606.12,2018-01-01 20:12:54
13590.16,2018-01-01 20:12:55
13606.12,2018-01-01 20:12:58
13578.14,2018-01-01 20:13:03
13570.05,2018-01-01 20:13:04
13577.14,2018-01-01 20:13:05
13575.3,2018-01-01 20:13:06
13576.28,2018-01-01 20:13:07
13566.64,2018-01-01 20:13:09
13566.64,2018-01-01 20:13:10
13562.95,2018-01-01 20:13:11
13562.96,2018-01-01 20:13:12
13562.96,2018-01-01 20:13:13
13573.07,2018-01-01 20:13:15
13573.06,2018-01-01 20:13:16
13573.07,2018-01-01 20:13:18
13573.07,2018-01-01 20:13:19
13579.51,2018-01-01 20:13:20
13587.29,2018-01-01 20:13:21
13601.05,2018-01-01 20:13:23
13580.14,2018-01-01 20:13:24
13601.17,2018-01-01 20:13:25
13615.29,2018-01-01 20:13:26
13601.18,2018-01-01 20:13:27
13601.17,2018-01-01 20:13:28
13608.25,2018-01-01 20:13:31
13608.24,2018-01-01 20:13:32
13601.2,2018-01-01 20:13:33
13608.76,2018-01-01 20:13:34
13606.13,2018-01-01 20:13:36
13606.13,2018-01-01 20:13:37
13606.15,2018-01-01 20:13:38
13606.13,2018-01-01 20:13:39
13606.13,2018-01-01 20:13:41
13606.17,2018-01-01 20:13:44
13611.04,2018-01-01 20:13:49
13614.28,2018-01-01 20:13:50
13614.29,2018-01-01 20:13:53
13614.29,2018-01-01 20:13:55
13614.28,2018-01-01 20:13:56
13614.28,2018-01-01 20:13:57
13616.35,2018-01-01 20:14:00
13616.36,2018-01-01 20:14:01
13616.37,2018-01-01 20:14:02
13616.35,2018-01-01 20:14:03
13614.28,2018-01-01 20:14:04
13606.13,2018-01-01 20:14:08
13606.13,2018-01-01 20:14:11
13606.13,2018-01-01 20:14:12
13606.13,2018-01-01 20:14:13
13614.28,2018-01-01 20:14:15
13585.57,2018-01-01 20:14:18
13605.98,2018-01-01 20:14:27
13591.84,2018-01-01 20:14:28
13604.49,2018-01-01 20:14:29
13604.49,2018-01-01 20:14:30
13604.5,2018-01-01 20:14:31
13606.98,2018-01-01 20:14:32
13606.98,2018-01-01 20:14:33
13607.0,2018-01-01 20:14:34
13605.99,2018-01-01 20:14:35
13613.68,2018-01-01 20:14:36
13584.8,2018-01-01 20:14:37
13584.71,2018-01-01 20:14:38
13602.18,2018-01-01 20:14:39
13584.38,2018-01-01 20:14:47
13573.4,2018-01-01 20:14:51
13580.1,2018-01-01 20:14:52
13551.48,2018-01-01 20:15:10
13580.09,2018-01-01 20:15:11
13550.38,2018-01-01 20:15:28
13550.38,2018-01-01 20:15:30
13533.35,2018-01-01 20:15:31
13550.38,2018-01-01 20:15:34
13551.52,2018-01-01 20:15:37
13550.38,2018-01-01 20:15:39
13550.38,2018-01-01 20:15:41
13550.39,2018-01-01 20:15:50
13550.39,2018-01-01 20:15:52
13533.37,2018-01-01 20:15:53
13511.5,2018-01-01 20:15:54
13525.45,2018-01-01 20:15:57
13529.2,2018-01-01 20:16:00
13511.73,2018-01-01 20:16:02
13534.6,2018-01-01 20:16:04
13518.1,2018-01-01 20:16:10
13511.38,2018-01-01 20:16:14
13510.38,2018-01-01 20:16:15
13510.38,2018-01-01 20:16:16
13521.49,2018-01-01 20:16:17
13530.23,2018-01-01 20:16:20
13530.16,2018-01-01 20:16:21
13531.13,2018-01-01 20:16:23
13498.38,2018-01-01 20:16:24
13528.42,2018-01-01 20:16:26
13502.22,2018-01-01 20:16:27
13527.72,2018-01-01 20:16:51
13527.52,2018-01-01 20:16:52
13517.25,2018-01-01 20:16:53
13542.32,2018-01-01 20:16:54
13538.54,2018-01-01 20:17:03
13525.58,2018-01-01 20:17:15
13525.58,2018-01-01 20:17:19
13525.58,2018-01-01 20:17:23
13525.58,2018-01-01 20:17:24
13525.57,2018-01-01 20:17:27
13540.87,2018-01-01 20:17:34
13541.08,2018-01-01 20:17:36
13541.07,2018-01-01 20:17:38
13551.85,2018-01-01 20:17:43
13544.1,2018-01-01 20:17:44
13543.81,2018-01-01 20:17:45
13551.85,2018-01-01 20:17:49
13543.8,2018-01-01 20:18:00
13543.8,2018-01-01 20:18:01
13551.85,2018-01-01 20:18:04
13555.0,2018-01-01 20:18:05
13555.0,2018-01-01 20:18:06
13555.0,2018-01-01 20:18:07
13555.0,2018-01-01 20:18:08
13555.0,2018-01-01 20:18:13
13555.0,2018-01-01 20:18:15
13555.0,2018-01-01 20:18:17
13574.71,2018-01-01 20:18:18
13555.85,2018-01-01 20:18:38
13555.84,2018-01-01 20:18:40
13576.0,2018-01-01 20:18:41
13555.34,2018-01-01 20:18:48
13555.35,2018-01-01 20:18:50
13554.34,2018-01-01 20:18:59
13534.22,2018-01-01 20:19:05
13534.23,2018-01-01 20:19:11
13555.35,2018-01-01 20:19:28
13551.49,2018-01-01 20:19:33
13551.5,2018-01-01 20:19:35
13573.51,2018-01-01 20:19:50
13574.66,2018-01-01 20:19:52
13545.15,2018-01-01 20:20:00
13545.33,2018-01-01 20:20:01
13546.68,2018-01-01 20:20:10
13546.67,2018-01-01 20:20:11
13509.27,2018-01-01 20:20:24
13505.11,2018-01-01 20:20:25
13497.87,2018-01-01 20:20:26
13495.61,2018-01-01 20:20:27
13500.82,2018-01-01 20:20:28
13494.24,2018-01-01 20:20:29
13502.9,2018-01-01 20:20:31
13514.22,2018-01-01 20:20:36
13518.85,2018-01-01 20:20:40
13523.0,2018-01-01 20:20:41
13513.01,2018-01-01 20:20:42
13519.05,2018-01-01 20:20:49
13513.18,2018-01-01 20:20:53
13504.7,2018-01-01 20:20:54
13504.7,2018-01-01 20:20:55
13502.9,2018-01-01 20:20:56
13502.9,2018-01-01 20:20:57
13502.9,2018-01-01 20:20:58
13499.13,2018-01-01 20:20:59
13486.91,2018-01-01 20:21:02
13473.71,2018-01-01 20:21:03
13485.92,2018-01-01 20:21:04
13473.71,2018-01-01 20:21:05
13490.15,2018-01-01 20:21:06
13496.58,2018-01-01 20:21:07
13496.47,2018-01-01 20:21:16
13496.67,2018-01-01 20:21:18
13496.48,2018-01-01 20:21:19
13496.48,2018-01-01 20:21:20
13495.48,2018-01-01 20:21:31
13471.26,2018-01-01 20:21:35
13480.19,2018-01-01 20:21:37
13480.18,2018-01-01 20:21:38
13458.26,2018-01-01 20:21:40
13492.88,2018-01-01 20:21:41
13458.27,2018-01-01 20:21:42
13477.37,2018-01-01 20:21:46
13457.29,2018-01-01 20:21:49
13457.29,2018-01-01 20:21:50
13450.0,2018-01-01 20:21:51
13468.4,2018-01-01 20:21:54
13465.12,2018-01-01 20:21:57
13450.0,2018-01-01 20:22:00
13450.01,2018-01-01 20:22:01
13450.0,2018-01-01 20:22:02
13450.0,2018-01-01 20:22:03
13465.75,2018-01-01 20:22:05
13469.71,2018-01-01 20:22:06
13450.15,2018-01-01 20:22:08
13450.0,2018-01-01 20:22:09
13449.93,2018-01-01 20:22:17
13450.01,2018-01-01 20:22:19
13449.91,2018-01-01 20:22:23
13449.89,2018-01-01 20:22:30
13455.37,2018-01-01 20:22:31
13435.66,2018-01-01 20:22:33
13456.73,2018-01-01 20:22:34
13461.78,2018-01-01 20:22:35
13468.01,2018-01-01 20:22:36
13465.37,2018-01-01 20:22:37
13471.85,2018-01-01 20:22:38
13473.01,2018-01-01 20:22:46
13473.0,2018-01-01 20:22:48
13473.0,2018-01-01 20:22:51
13472.99,2018-01-01 20:22:52
13466.25,2018-01-01 20:22:53
13476.18,2018-01-01 20:23:00
13480.0,2018-01-01 20:23:03
13476.2,2018-01-01 20:23:04
13480.0,2018-01-01 20:23:05
13480.0,2018-01-01 20:23:06
13480.0,2018-01-01 20:23:07
13480.0,2018-01-01 20:23:08
13480.0,2018-01-01 20:23:09
13480.0,2018-01-01 20:23:10
13480.0,2018-01-01 20:23:11
13480.0,2018-01-01 20:23:12
13480.0,2018-01-01 20:23:13
13494.0,2018-01-01 20:23:16
13484.11,2018-01-01 20:23:22
13483.11,2018-01-01 20:23:23
13476.96,2018-01-01 20:23:24
13470.24,2018-01-01 20:23:25
13464.92,2018-01-01 20:23:26
13464.92,2018-01-01 20:23:27
13464.56,2018-01-01 20:23:28
13462.66,2018-01-01 20:23:29
13462.55,2018-01-01 20:23:30
13462.55,2018-01-01 20:23:31
13452.66,2018-01-01 20:23:47
13452.65,2018-01-01 20:23:48
13455.54,2018-01-01 20:24:02
13461.86,2018-01-01 20:24:16
13461.89,2018-01-01 20:24:21
13461.91,2018-01-01 20:24:35
13461.91,2018-01-01 20:24:38
13461.91,2018-01-01 20:24:40
13461.9,2018-01-01 20:24:48
13485.17,2018-01-01 20:24:51
13469.25,2018-01-01 20:24:52
13485.17,2018-01-01 20:24:55
13479.24,2018-01-01 20:24:56
13485.17,2018-01-01 20:24:57
13489.64,2018-01-01 20:24:58
13489.64,2018-01-01 20:25:00
13489.64,2018-01-01 20:25:02
13489.64,2018-01-01 20:25:08
13489.64,2018-01-01 20:25:09
13489.64,2018-01-01 20:25:22
13489.64,2018-01-01 20:25:28
13494.0,2018-01-01 20:25:33
13494.0,2018-01-01 20:25:34
13494.0,2018-01-01 20:25:36
13504.0,2018-01-01 20:25:37
13503.8,2018-01-01 20:25:38
13500.41,2018-01-01 20:25:39
13504.01,2018-01-01 20:25:40
13510.23,2018-01-01 20:25:41
13510.23,2018-01-01 20:25:42
13519.71,2018-01-01 20:25:43
13529.86,2018-01-01 20:25:46
13503.69,2018-01-01 20:25:50
13505.83,2018-01-01 20:25:51
13505.84,2018-01-01 20:25:52
13507.34,2018-01-01 20:25:56
13507.07,2018-01-01 20:25:57
13507.08,2018-01-01 20:25:58
13503.58,2018-01-01 20:25:59
13498.22,2018-01-01 20:26:00
13512.08,2018-01-01 20:26:01
13513.23,2018-01-01 20:26:14
13493.5,2018-01-01 20:26:29
13485.09,2018-01-01 20:26:30
13467.42,2018-01-01 20:26:31
13484.99,2018-01-01 20:26:42
13486.73,2018-01-01 20:26:46
13471.84,2018-01-01 20:27:24
13454.57,2018-01-01 20:27:51
13444.63,2018-01-01 20:27:52
13445.7,2018-01-01 20:27:55
13446.76,2018-01-01 20:27:56
13434.6,2018-01-01 20:27:57
13421.45,2018-01-01 20:27:58
13445.95,2018-01-01 20:27:59
13442.94,2018-01-01 20:28:00
13446.76,2018-01-01 20:28:02
13443.2,2018-01-01 20:28:03
13431.18,2018-01-01 20:28:04
13431.18,2018-01-01 20:28:05
13431.17,2018-01-01 20:28:06
13421.45,2018-01-01 20:28:07
13420.45,2018-01-01 20:28:08
13420.45,2018-01-01 20:28:09
13420.45,2018-01-01 20:28:10
13400.93,2018-01-01 20:28:11
13429.06,2018-01-01 20:28:12
13435.86,2018-01-01 20:28:13
13423.15,2018-01-01 20:28:14
13423.15,2018-01-01 20:28:15
13423.15,2018-01-01 20:28:16
13423.95,2018-01-01 20:28:18
13424.98,2018-01-01 20:28:21
13432.72,2018-01-01 20:28:25
13408.84,2018-01-01 20:28:32
13406.92,2018-01-01 20:28:33
13405.73,2018-01-01 20:28:34
13405.72,2018-01-01 20:28:35
13392.12,2018-01-01 20:28:36
13385.22,2018-01-01 20:28:38
13387.3,2018-01-01 20:28:40
13390.0,2018-01-01 20:28:41
13409.42,2018-01-01 20:28:42
13418.16,2018-01-01 20:28:44
13400.2,2018-01-01 20:28:45
13420.88,2018-01-01 20:28:46
13428.15,2018-01-01 20:28:47
13420.88,2018-01-01 20:28:48
13448.16,2018-01-01 20:28:49
13436.65,2018-01-01 20:28:50
13453.83,2018-01-01 20:28:52
13454.13,2018-01-01 20:28:53
13446.69,2018-01-01 20:28:56
13450.1,2018-01-01 20:28:57
13476.17,2018-01-01 20:29:02
13465.6,2018-01-01 20:29:09
13464.88,2018-01-01 20:29:24
13480.98,2018-01-01 20:29:25
13493.78,2018-01-01 20:29:26
13481.18,2018-01-01 20:29:27
13481.18,2018-01-01 20:29:28
13491.94,2018-01-01 20:29:30
13491.94,2018-01-01 20:29:31
13491.94,2018-01-01 20:29:34
13494.23,2018-01-01 20:29:35
13496.98,2018-01-01 20:29:39
13490.97,2018-01-01 20:29:40
13495.46,2018-01-01 20:29:44
13496.98,2018-01-01 20:29:57
13512.03,2018-01-01 20:29:58
13512.03,2018-01-01 20:30:01
13512.03,2018-01-01 20:30:02
13524.03,2018-01-01 20:30:05
13531.58,2018-01-01 20:30:07
13529.36,2018-01-01 20:30:10
13535.38,2018-01-01 20:30:11
13512.8,2018-01-01 20:30:12
13554.48,2018-01-01 20:30:13
13522.63,2018-01-01 20:30:14
13550.71,2018-01-01 20:30:15
13551.71,2018-01-01 20:30:16
13553.25,2018-01-01 20:30:17
13554.29,2018-01-01 20:30:19
13554.29,2018-01-01 20:30:20
13554.28,2018-01-01 20:30:26
13554.29,2018-01-01 20:30:27
13575.31,2018-01-01 20:30:28
13580.56,2018-01-01 20:30:31
13581.52,2018-01-01 20:30:32
13582.89,2018-01-01 20:30:33
13582.89,2018-01-01 20:30:34
13561.21,2018-01-01 20:30:35
13582.88,2018-01-01 20:30:36
13558.57,2018-01-01 20:30:37
13589.7,2018-01-01 20:30:38
13583.09,2018-01-01 20:30:39
13582.89,2018-01-01 20:30:40
13582.89,2018-01-01 20:30:46
13562.06,2018-01-01 20:30:49
13582.89,2018-01-01 20:30:51
13582.88,2018-01-01 20:30:54
13582.89,2018-01-01 20:30:59
13582.89,2018-01-01 20:31:03
13577.94,2018-01-01 20:31:10
13565.64,2018-01-01 20:31:11
13555.18,2018-01-01 20:31:20
13576.93,2018-01-01 20:31:21
13577.96,2018-01-01 20:31:36
13577.97,2018-01-01 20:31:37
13577.95,2018-01-01 20:31:38
13577.95,2018-01-01 20:31:39
13577.95,2018-01-01 20:31:40
13582.89,2018-01-01 20:31:41
13582.89,2018-01-01 20:31:42
13586.89,2018-01-01 20:31:43
13586.92,2018-01-01 20:31:46
13578.57,2018-01-01 20:31:47
13576.01,2018-01-01 20:31:50
13576.87,2018-01-01 20:31:51
13569.49,2018-01-01 20:31:52
13579.02,2018-01-01 20:31:53
13577.36,2018-01-01 20:31:54
13557.71,2018-01-01 20:31:55
13547.73,2018-01-01 20:31:56
13547.73,2018-01-01 20:31:57
13552.06,2018-01-01 20:31:58
13524.0,2018-01-01 20:31:59
13534.75,2018-01-01 20:32:00
13514.49,2018-01-01 20:32:01
13554.38,2018-01-01 20:32:02
13513.99,2018-01-01 20:32:03
13535.9,2018-01-01 20:32:04
13539.29,2018-01-01 20:32:06
13532.9,2018-01-01 20:32:08
13533.89,2018-01-01 20:32:09
13543.9,2018-01-01 20:32:10
13512.03,2018-01-01 20:32:11
13546.79,2018-01-01 20:32:12
13553.63,2018-01-01 20:32:14
13554.93,2018-01-01 20:32:15
13543.07,2018-01-01 20:32:17
13560.61,2018-01-01 20:32:18
13561.61,2018-01-01 20:32:19
13552.87,2018-01-01 20:32:25
13552.87,2018-01-01 20:32:26
13543.92,2018-01-01 20:32:28
13519.66,2018-01-01 20:32:48
13518.01,2018-01-01 20:32:54
13515.51,2018-01-01 20:33:16
13515.35,2018-01-01 20:33:17
13533.62,2018-01-01 20:33:19
13541.93,2018-01-01 20:33:20
13541.1,2018-01-01 20:33:21
13515.1,2018-01-01 20:33:33
13522.4,2018-01-01 20:33:34
13512.03,2018-01-01 20:33:38
13512.03,2018-01-01 20:33:40
13520.31,2018-01-01 20:33:41
13526.06,2018-01-01 20:33:43
13504.89,2018-01-01 20:34:08
13504.59,2018-01-01 20:34:09
13498.27,2018-01-01 20:34:21
13493.09,2018-01-01 20:34:25
13493.09,2018-01-01 20:34:26
13487.0,2018-01-01 20:34:27
13482.36,2018-01-01 20:34:28
13502.19,2018-01-01 20:34:29
13502.26,2018-01-01 20:34:30
13468.51,2018-01-01 20:34:31
13467.6,2018-01-01 20:34:32
13463.62,2018-01-01 20:34:33
13463.62,2018-01-01 20:34:34
13484.13,2018-01-01 20:34:35
13465.14,2018-01-01 20:34:36
13495.08,2018-01-01 20:34:40
13472.91,2018-01-01 20:34:54
13472.91,2018-01-01 20:34:55
13454.72,2018-01-01 20:35:01
13454.72,2018-01-01 20:35:02
13454.72,2018-01-01 20:35:03
13445.73,2018-01-01 20:35:08
13465.06,2018-01-01 20:35:09
13463.1,2018-01-01 20:35:11
13465.06,2018-01-01 20:35:14
13465.06,2018-01-01 20:35:15
13465.06,2018-01-01 20:35:17
13465.06,2018-01-01 20:35:27
13465.06,2018-01-01 20:35:29
13477.71,2018-01-01 20:35:31
13485.56,2018-01-01 20:35:36
13475.06,2018-01-01 20:35:40
13476.92,2018-01-01 20:35:47
13479.37,2018-01-01 20:35:49
13514.68,2018-01-01 20:35:55
13499.37,2018-01-01 20:35:57
13493.56,2018-01-01 20:36:00
13494.2,2018-01-01 20:36:21
13494.2,2018-01-01 20:36:22
13510.9,2018-01-01 20:36:37
13511.89,2018-01-01 20:36:39
13505.5,2018-01-01 20:36:42
13502.97,2018-01-01 20:36:43
13500.51,2018-01-01 20:36:45
13493.1,2018-01-01 20:36:47
13521.7,2018-01-01 20:37:37
13523.76,2018-01-01 20:37:39
13523.76,2018-01-01 20:37:50
13524.35,2018-01-01 20:37:51
13485.57,2018-01-01 20:38:42
13488.95,2018-01-01 20:38:43
13486.55,2018-01-01 20:38:44
13479.23,2018-01-01 20:38:45
13478.83,2018-01-01 20:38:46
13469.6,2018-01-01 20:38:48
13492.55,2018-01-01 20:38:50
13487.87,2018-01-01 20:39:06
13490.39,2018-01-01 20:39:07
13486.62,2018-01-01 20:39:08
13496.36,2018-01-01 20:39:09
13498.59,2018-01-01 20:39:10
13505.83,2018-01-01 20:39:11
13508.46,2018-01-01 20:39:12
13519.04,2018-01-01 20:39:13
13525.1,2018-01-01 20:39:14
13529.17,2018-01-01 20:39:15
13520.51,2018-01-01 20:39:16
13526.16,2018-01-01 20:39:17
13527.16,2018-01-01 20:39:18
13513.24,2018-01-01 20:39:25
13511.94,2018-01-01 20:39:26
13503.75,2018-01-01 20:39:27
13503.75,2018-01-01 20:39:28
13508.33,2018-01-01 20:39:29
13528.86,2018-01-01 20:39:30
13508.35,2018-01-01 20:39:31
13508.33,2018-01-01 20:39:32
13498.86,2018-01-01 20:39:33
13487.94,2018-01-01 20:39:34
13487.94,2018-01-01 20:39:35
13487.93,2018-01-01 20:39:37
13487.92,2018-01-01 20:39:38
13488.06,2018-01-01 20:39:39
13488.06,2018-01-01 20:39:40
13486.75,2018-01-01 20:39:41
13486.76,2018-01-01 20:39:43
13486.85,2018-01-01 20:39:44
13486.71,2018-01-01 20:39:47
13489.96,2018-01-01 20:39:48
13490.98,2018-01-01 20:39:49
13492.83,2018-01-01 20:39:50
13489.06,2018-01-01 20:39:51
13492.82,2018-01-01 20:39:52
13497.16,2018-01-01 20:39:53
13501.34,2018-01-01 20:39:54
13505.96,2018-01-01 20:39:55
13517.51,2018-01-01 20:39:56
13517.5,2018-01-01 20:39:58
13528.86,2018-01-01 20:39:59
13516.22,2018-01-01 20:40:01
13516.19,2018-01-01 20:40:03
13498.96,2018-01-01 20:40:08
13497.91,2018-01-01 20:40:09
13495.82,2018-01-01 20:40:10
13493.65,2018-01-01 20:40:12
13487.27,2018-01-01 20:40:13
13479.29,2018-01-01 20:40:14
13487.26,2018-01-01 20:40:15
13487.26,2018-01-01 20:40:16
13495.76,2018-01-01 20:40:18
13492.61,2018-01-01 20:40:19
13488.84,2018-01-01 20:40:25
13491.31,2018-01-01 20:40:26
13493.18,2018-01-01 20:40:27
13496.61,2018-01-01 20:40:28
13496.62,2018-01-01 20:40:29
13508.56,2018-01-01 20:40:30
13508.56,2018-01-01 20:40:31
13508.55,2018-01-01 20:40:32
13508.56,2018-01-01 20:40:38
13508.55,2018-01-01 20:40:40
13508.76,2018-01-01 20:40:44
13510.93,2018-01-01 20:40:47
13510.73,2018-01-01 20:40:48
13508.77,2018-01-01 20:40:49
13523.03,2018-01-01 20:40:57
13508.58,2018-01-01 20:41:21
13508.64,2018-01-01 20:41:29
13499.29,2018-01-01 20:41:54
13500.34,2018-01-01 20:42:08
13506.05,2018-01-01 20:42:16
13522.41,2018-01-01 20:42:17
13500.22,2018-01-01 20:42:18
13500.2,2018-01-01 20:42:20
13481.87,2018-01-01 20:43:13
13501.99,2018-01-01 20:43:28
13509.41,2018-01-01 20:43:33
13501.82,2018-01-01 20:44:17
13479.67,2018-01-01 20:44:20
13501.82,2018-01-01 20:44:22
13502.82,2018-01-01 20:44:28
13504.11,2018-01-01 20:44:29
13514.35,2018-01-01 20:44:30
13522.41,2018-01-01 20:44:33
13523.28,2018-01-01 20:44:34
13521.98,2018-01-01 20:44:35
13525.55,2018-01-01 20:44:36
13528.86,2018-01-01 20:44:37
13543.13,2018-01-01 20:44:38
13543.14,2018-01-01 20:44:39
13543.13,2018-01-01 20:44:40
13543.14,2018-01-01 20:44:41
13530.26,2018-01-01 20:44:55
13533.18,2018-01-01 20:44:56
13529.98,2018-01-01 20:44:57
13531.88,2018-01-01 20:44:59
13530.59,2018-01-01 20:45:01
13529.65,2018-01-01 20:45:02
13529.65,2018-01-01 20:45:03
13521.12,2018-01-01 20:45:04
13518.58,2018-01-01 20:45:05
13514.79,2018-01-01 20:45:06
13511.98,2018-01-01 20:45:07
13523.15,2018-01-01 20:45:10
13523.13,2018-01-01 20:45:12
13523.27,2018-01-01 20:45:14
13523.23,2018-01-01 20:45:16
13528.4,2018-01-01 20:45:29
13529.98,2018-01-01 20:45:32
13526.2,2018-01-01 20:45:33
13526.2,2018-01-01 20:45:34
13526.38,2018-01-01 20:45:35
13528.68,2018-01-01 20:45:36
13528.68,2018-01-01 20:45:40
13517.21,2018-01-01 20:45:51
13517.22,2018-01-01 20:45:52
13511.76,2018-01-01 20:45:53
13512.09,2018-01-01 20:45:54
13515.07,2018-01-01 20:45:55
13513.31,2018-01-01 20:46:07
13514.64,2018-01-01 20:46:09
13513.34,2018-01-01 20:46:10
13525.14,2018-01-01 20:46:11
13507.54,2018-01-01 20:46:14
13518.62,2018-01-01 20:46:17
13516.52,2018-01-01 20:46:25
13513.91,2018-01-01 20:46:27
13514.81,2018-01-01 20:46:28
13505.07,2018-01-01 20:47:03
13497.01,2018-01-01 20:47:33
13502.49,2018-01-01 20:47:39
13499.13,2018-01-01 20:47:40
13500.43,2018-01-01 20:47:41
13513.74,2018-01-01 20:47:42
13513.74,2018-01-01 20:47:43
13535.09,2018-01-01 20:48:23
13506.71,2018-01-01 20:48:56
13519.34,2018-01-01 20:49:44
13514.55,2018-01-01 20:49:45
13514.56,2018-01-01 20:49:46
13525.05,2018-01-01 20:49:52
13511.2,2018-01-01 20:49:53
13519.82,2018-01-01 20:49:56
13518.15,2018-01-01 20:49:57
13500.28,2018-01-01 20:50:00
13496.78,2018-01-01 20:50:10
13498.91,2018-01-01 20:50:11
13514.33,2018-01-01 20:50:16
13493.48,2018-01-01 20:50:42
13492.48,2018-01-01 20:50:44
13485.46,2018-01-01 20:50:45
13485.46,2018-01-01 20:50:46
13479.89,2018-01-01 20:50:47
13466.51,2018-01-01 20:50:49
13468.03,2018-01-01 20:50:53
13471.03,2018-01-01 20:50:54
13459.55,2018-01-01 20:50:55
13468.0,2018-01-01 20:50:56
13447.23,2018-01-01 20:50:58
13447.23,2018-01-01 20:50:59
13442.55,2018-01-01 20:51:00
13442.55,2018-01-01 20:51:01
13443.56,2018-01-01 20:51:02
13442.53,2018-01-01 20:51:03
13455.08,2018-01-01 20:51:04
13455.08,2018-01-01 20:51:05
13466.37,2018-01-01 20:51:07
13462.32,2018-01-01 20:51:11
13461.36,2018-01-01 20:51:13
13460.52,2018-01-01 20:51:16
13464.36,2018-01-01 20:51:17
13464.36,2018-01-01 20:51:18
13468.65,2018-01-01 20:51:19
13469.08,2018-01-01 20:51:20
13468.1,2018-01-01 20:51:22
13466.61,2018-01-01 20:51:30
13466.51,2018-01-01 20:51:32
13466.51,2018-01-01 20:51:33
13463.79,2018-01-01 20:51:36
13463.79,2018-01-01 20:51:37
13453.04,2018-01-01 20:51:39
13439.43,2018-01-01 20:51:41
13465.92,2018-01-01 20:51:46
13459.21,2018-01-01 20:52:04
13465.1,2018-01-01 20:52:05
13465.08,2018-01-01 20:52:06
13459.41,2018-01-01 20:52:09
13459.41,2018-01-01 20:52:10
13471.67,2018-01-01 20:52:41
13473.74,2018-01-01 20:52:43
13482.36,2018-01-01 20:52:45
13483.99,2018-01-01 20:52:46
13468.64,2018-01-01 20:53:07
13468.1,2018-01-01 20:53:11
13468.1,2018-01-01 20:53:14
13445.46,2018-01-01 20:53:27
13446.15,2018-01-01 20:53:57
13462.13,2018-01-01 20:53:59
13463.14,2018-01-01 20:54:02
13471.02,2018-01-01 20:54:06
13463.16,2018-01-01 20:54:07
13468.86,2018-01-01 20:54:13
13494.58,2018-01-01 20:54:16
13501.61,2018-01-01 20:54:19
13502.61,2018-01-01 20:54:20
13505.86,2018-01-01 20:54:21
13505.85,2018-01-01 20:54:26
13500.47,2018-01-01 20:54:28
13486.97,2018-01-01 20:54:29
13481.0,2018-01-01 20:54:30
13487.33,2018-01-01 20:54:34
13472.95,2018-01-01 20:54:48
13472.95,2018-01-01 20:54:49
13480.49,2018-01-01 20:54:51
13480.49,2018-01-01 20:55:09
13480.49,2018-01-01 20:55:30
13482.63,2018-01-01 20:55:34
13482.62,2018-01-01 20:55:35
13490.41,2018-01-01 20:55:43
13485.6,2018-01-01 20:55:44
13485.59,2018-01-01 20:55:46
13502.25,2018-01-01 20:56:38
13505.86,2018-01-01 20:56:42
13505.86,2018-01-01 20:56:45
13505.86,2018-01-01 20:56:46
13491.86,2018-01-01 20:56:47
13486.36,2018-01-01 20:56:48
13505.86,2018-01-01 20:56:49
13512.2,2018-01-01 20:56:51
13493.51,2018-01-01 20:56:54
13487.33,2018-01-01 20:56:56
13500.2,2018-01-01 20:57:07
13499.35,2018-01-01 20:57:09
13502.83,2018-01-01 20:57:10
13513.9,2018-01-01 20:57:12
13518.39,2018-01-01 20:57:14
13498.9,2018-01-01 20:57:15
13514.61,2018-01-01 20:57:16
13519.82,2018-01-01 20:57:17
13519.82,2018-01-01 20:57:18
13528.79,2018-01-01 20:57:20
13528.79,2018-01-01 20:57:23
13528.79,2018-01-01 20:57:24
13528.79,2018-01-01 20:57:25
13537.63,2018-01-01 20:57:33
13547.01,2018-01-01 20:57:36
13533.16,2018-01-01 20:57:39
13533.17,2018-01-01 20:57:40
13533.18,2018-01-01 20:57:42
13547.59,2018-01-01 20:57:43
13539.39,2018-01-01 20:57:44
13533.66,2018-01-01 20:57:45
13543.28,2018-01-01 20:57:47
13533.14,2018-01-01 20:57:50
13533.14,2018-01-01 20:57:51
13533.14,2018-01-01 20:57:52
13527.23,2018-01-01 20:57:53
13515.47,2018-01-01 20:57:54
13525.93,2018-01-01 20:57:58
13518.72,2018-01-01 20:58:00
13504.34,2018-01-01 20:58:04
13501.38,2018-01-01 20:58:06
13501.37,2018-01-01 20:58:07
13501.37,2018-01-01 20:58:08
13516.7,2018-01-01 20:58:09
13517.37,2018-01-01 20:58:10
13498.56,2018-01-01 20:58:14
13517.36,2018-01-01 20:58:41
13517.37,2018-01-01 20:58:42
13521.17,2018-01-01 20:58:44
13523.44,2018-01-01 20:58:45
13523.44,2018-01-01 20:58:46
13538.87,2018-01-01 20:58:47
13538.87,2018-01-01 20:58:49
13522.01,2018-01-01 20:58:50
13538.87,2018-01-01 20:58:51
13513.38,2018-01-01 20:58:52
13512.33,2018-01-01 20:59:06
13521.63,2018-01-01 20:59:34
13522.62,2018-01-01 20:59:35
13518.84,2018-01-01 20:59:36
13518.83,2018-01-01 20:59:37
13518.84,2018-01-01 20:59:39
13528.39,2018-01-01 20:59:40
13527.68,2018-01-01 20:59:41
13520.0,2018-01-01 20:59:45
13510.27,2018-01-01 20:59:46
13504.51,2018-01-01 21:00:06
13518.97,2018-01-01 21:00:09
13510.27,2018-01-01 21:00:14
13510.27,2018-01-01 21:00:15
13519.47,2018-01-01 21:00:16
13510.27,2018-01-01 21:00:17
13512.07,2018-01-01 21:01:01
13514.13,2018-01-01 21:01:13
13514.13,2018-01-01 21:01:14
13531.61,2018-01-01 21:01:15
13523.04,2018-01-01 21:01:16
13533.62,2018-01-01 21:01:17
13534.62,2018-01-01 21:01:18
13533.64,2018-01-01 21:01:19
13546.47,2018-01-01 21:01:20
13544.59,2018-01-01 21:01:22
13533.68,2018-01-01 21:01:23
13534.61,2018-01-01 21:01:24
13534.62,2018-01-01 21:01:25
13555.13,2018-01-01 21:01:28
13555.54,2018-01-01 21:01:37
13555.54,2018-01-01 21:01:38
13555.54,2018-01-01 21:01:39
13557.41,2018-01-01 21:01:41
13536.51,2018-01-01 21:01:45
13535.76,2018-01-01 21:01:47
13535.0,2018-01-01 21:01:48
13558.8,2018-01-01 21:02:03
13561.95,2018-01-01 21:02:10
13561.95,2018-01-01 21:02:11
13561.94,2018-01-01 21:02:12
13561.95,2018-01-01 21:02:13
13561.95,2018-01-01 21:02:16
13561.95,2018-01-01 21:02:17
13565.05,2018-01-01 21:02:18
13577.14,2018-01-01 21:02:19
13575.84,2018-01-01 21:02:20
13577.58,2018-01-01 21:02:21
13594.43,2018-01-01 21:02:22
13595.21,2018-01-01 21:02:23
13596.09,2018-01-01 21:02:24
13597.27,2018-01-01 21:02:25
13601.78,2018-01-01 21:02:26
13597.27,2018-01-01 21:02:27
13614.25,2018-01-01 21:02:28
13616.35,2018-01-01 21:02:29
13604.97,2018-01-01 21:02:31
13603.46,2018-01-01 21:02:32
13603.47,2018-01-01 21:02:33
13603.47,2018-01-01 21:02:36
13593.58,2018-01-01 21:02:38
13592.89,2018-01-01 21:02:40
13586.34,2018-01-01 21:02:43
13600.96,2018-01-01 21:02:45
13606.48,2018-01-01 21:02:46
13605.41,2018-01-01 21:02:51
13594.3,2018-01-01 21:03:01
13620.0,2018-01-01 21:03:02
13614.07,2018-01-01 21:03:03
13599.72,2018-01-01 21:03:04
13595.55,2018-01-01 21:03:05
13614.07,2018-01-01 21:03:06
13614.07,2018-01-01 21:03:07
13614.06,2018-01-01 21:03:10
13620.0,2018-01-01 21:03:11
13620.0,2018-01-01 21:03:12
13620.0,2018-01-01 21:03:13
13620.0,2018-01-01 21:03:14
13602.45,2018-01-01 21:03:16
13596.99,2018-01-01 21:03:17
13622.05,2018-01-01 21:03:18
13598.56,2018-01-01 21:03:19
13598.56,2018-01-01 21:03:20
13588.41,2018-01-01 21:03:21
13613.95,2018-01-01 21:03:22
13611.33,2018-01-01 21:03:23
13609.15,2018-01-01 21:03:24
13628.24,2018-01-01 21:03:33
13628.25,2018-01-01 21:03:38
13628.25,2018-01-01 21:03:39
13630.0,2018-01-01 21:03:41
13630.0,2018-01-01 21:03:42
13630.2,2018-01-01 21:03:43
13630.22,2018-01-01 21:03:44
13629.82,2018-01-01 21:03:46
13628.26,2018-01-01 21:03:48
13650.0,2018-01-01 21:03:50
13661.75,2018-01-01 21:03:51
13634.87,2018-01-01 21:03:53
13633.05,2018-01-01 21:03:54
13631.02,2018-01-01 21:03:55
13630.9,2018-01-01 21:03:56
13629.56,2018-01-01 21:03:57
13629.56,2018-01-01 21:03:58
13629.56,2018-01-01 21:03:59
13628.25,2018-01-01 21:04:00
13633.0,2018-01-01 21:04:03
13633.0,2018-01-01 21:04:05
13633.02,2018-01-01 21:04:11
13633.0,2018-01-01 21:04:14
13633.0,2018-01-01 21:04:18
13633.03,2018-01-01 21:04:19
13655.87,2018-01-01 21:04:20
13666.0,2018-01-01 21:04:21
13661.15,2018-01-01 21:04:22
13671.73,2018-01-01 21:04:23
13664.49,2018-01-01 21:04:24
13668.96,2018-01-01 21:04:25
13665.53,2018-01-01 21:04:26
13667.86,2018-01-01 21:04:27
13671.75,2018-01-01 21:04:28
13673.32,2018-01-01 21:04:29
13659.33,2018-01-01 21:04:32
13673.32,2018-01-01 21:04:33
13688.0,2018-01-01 21:04:40
13663.95,2018-01-01 21:04:44
13688.0,2018-01-01 21:04:48
13688.0,2018-01-01 21:04:49
13667.38,2018-01-01 21:04:51
13693.13,2018-01-01 21:04:52
13666.71,2018-01-01 21:04:55
13693.12,2018-01-01 21:04:56
13693.07,2018-01-01 21:04:58
13680.0,2018-01-01 21:04:59
13693.07,2018-01-01 21:05:00
13693.05,2018-01-01 21:05:01
13693.25,2018-01-01 21:05:03
13676.92,2018-01-01 21:05:04
13672.22,2018-01-01 21:05:05
13672.22,2018-01-01 21:05:06
13693.12,2018-01-01 21:05:07
13676.87,2018-01-01 21:05:08
13693.12,2018-01-01 21:05:09
13706.46,2018-01-01 21:05:10
13706.46,2018-01-01 21:05:11
13712.93,2018-01-01 21:05:12
13703.55,2018-01-01 21:05:16
13699.8,2018-01-01 21:05:18
13707.28,2018-01-01 21:05:20
13740.07,2018-01-01 21:05:24
13696.06,2018-01-01 21:05:25
13703.6,2018-01-01 21:05:27
13704.56,2018-01-01 21:05:29
13709.27,2018-01-01 21:05:32
13709.35,2018-01-01 21:05:35
13709.37,2018-01-01 21:05:36
13709.36,2018-01-01 21:05:37
13731.17,2018-01-01 21:05:38
13703.75,2018-01-01 21:05:39
13700.46,2018-01-01 21:05:40
13701.46,2018-01-01 21:05:41
13701.46,2018-01-01 21:05:42
13683.46,2018-01-01 21:05:44
13702.45,2018-01-01 21:05:45
13702.45,2018-01-01 21:05:46
13683.46,2018-01-01 21:05:49
13687.03,2018-01-01 21:05:51
13687.04,2018-01-01 21:05:53
13750.45,2018-01-01 21:05:55
13735.11,2018-01-01 21:05:57
13736.29,2018-01-01 21:05:59
13736.7,2018-01-01 21:06:01
13736.61,2018-01-01 21:06:02
13735.31,2018-01-01 21:06:03
13735.31,2018-01-01 21:06:06
13733.61,2018-01-01 21:06:07
13735.31,2018-01-01 21:06:09
13735.31,2018-01-01 21:06:10
13736.61,2018-01-01 21:06:12
13752.94,2018-01-01 21:06:13
13752.94,2018-01-01 21:06:14
13748.19,2018-01-01 21:06:16
13748.19,2018-01-01 21:06:17
13749.64,2018-01-01 21:06:20
13763.79,2018-01-01 21:06:21
13754.34,2018-01-01 21:06:23
13754.34,2018-01-01 21:06:25
13754.34,2018-01-01 21:06:30
13744.69,2018-01-01 21:06:31
13819.11,2018-01-01 21:06:32
13780.22,2018-01-01 21:06:33
13759.57,2018-01-01 21:06:34
13755.48,2018-01-01 21:06:35
13746.3,2018-01-01 21:06:38
13744.88,2018-01-01 21:06:39
13750.17,2018-01-01 21:06:41
13762.5,2018-01-01 21:06:43
13739.67,2018-01-01 21:06:46
13740.13,2018-01-01 21:06:47
13740.8,2018-01-01 21:06:48
13740.8,2018-01-01 21:06:49
13762.9,2018-01-01 21:06:50
13761.18,2018-01-01 21:06:51
13735.06,2018-01-01 21:06:53
13819.12,2018-01-01 21:06:55
13783.86,2018-01-01 21:06:56
13777.41,2018-01-01 21:06:57
13783.01,2018-01-01 21:06:58
13777.5,2018-01-01 21:06:59
13777.5,2018-01-01 21:07:00
13778.79,2018-01-01 21:07:01
13771.55,2018-01-01 21:07:02
13771.56,2018-01-01 21:07:03
13771.39,2018-01-01 21:07:04
13782.5,2018-01-01 21:07:05
13770.34,2018-01-01 21:07:07
13763.88,2018-01-01 21:07:11
13763.88,2018-01-01 21:07:12
13763.87,2018-01-01 21:07:13
13750.07,2018-01-01 21:07:14
13750.07,2018-01-01 21:07:15
13764.91,2018-01-01 21:07:16
13753.88,2018-01-01 21:07:17
13749.3,2018-01-01 21:07:18
13750.01,2018-01-01 21:07:22
13760.8,2018-01-01 21:07:23
13750.01,2018-01-01 21:07:25
13764.92,2018-01-01 21:07:26
13764.92,2018-01-01 21:07:27
13750.05,2018-01-01 21:07:29
13764.92,2018-01-01 21:07:31
13764.92,2018-01-01 21:07:32
13782.5,2018-01-01 21:07:33
13782.5,2018-01-01 21:07:34
13782.5,2018-01-01 21:07:35
13782.5,2018-01-01 21:07:36
13799.32,2018-01-01 21:07:37
13794.52,2018-01-01 21:07:38
13803.26,2018-01-01 21:07:39
13792.12,2018-01-01 21:07:40
13791.99,2018-01-01 21:07:42
13808.06,2018-01-01 21:07:43
13794.33,2018-01-01 21:07:44
13805.49,2018-01-01 21:07:45
13794.33,2018-01-01 21:07:46
13804.1,2018-01-01 21:07:47
13804.11,2018-01-01 21:07:48
13818.75,2018-01-01 21:07:49
13794.35,2018-01-01 21:07:51
13794.32,2018-01-01 21:07:53
13794.32,2018-01-01 21:07:54
13797.91,2018-01-01 21:07:55
13815.86,2018-01-01 21:07:57
13815.86,2018-01-01 21:07:58
13820.59,2018-01-01 21:07:59
13818.35,2018-01-01 21:08:00
13819.1,2018-01-01 21:08:01
13818.35,2018-01-01 21:08:03
13818.35,2018-01-01 21:08:04
13809.1,2018-01-01 21:08:05
13815.0,2018-01-01 21:08:06
13816.97,2018-01-01 21:08:07
13800.0,2018-01-01 21:08:08
13799.39,2018-01-01 21:08:09
13799.55,2018-01-01 21:08:10
13799.87,2018-01-01 21:08:11
13794.32,2018-01-01 21:08:12
13821.12,2018-01-01 21:08:13
13794.33,2018-01-01 21:08:14
13818.29,2018-01-01 21:08:15
13791.99,2018-01-01 21:08:16
13813.03,2018-01-01 21:08:17
13786.95,2018-01-01 21:08:18
13790.25,2018-01-01 21:08:19
13786.95,2018-01-01 21:08:21
13779.47,2018-01-01 21:08:22
13779.46,2018-01-01 21:08:24
13768.12,2018-01-01 21:08:25
13767.58,2018-01-01 21:08:26
13757.2,2018-01-01 21:08:27
13770.28,2018-01-01 21:08:28
13749.54,2018-01-01 21:08:29
13740.06,2018-01-01 21:08:30
13740.05,2018-01-01 21:08:31
13740.05,2018-01-01 21:08:32
13740.05,2018-01-01 21:08:33
13740.05,2018-01-01 21:08:34
13731.56,2018-01-01 21:08:35
13720.81,2018-01-01 21:08:36
13732.88,2018-01-01 21:08:37
13732.88,2018-01-01 21:08:38
13729.56,2018-01-01 21:08:39
13717.0,2018-01-01 21:08:40
13722.82,2018-01-01 21:08:41
13709.55,2018-01-01 21:08:42
13727.4,2018-01-01 21:08:43
13709.57,2018-01-01 21:08:45
13724.27,2018-01-01 21:08:46
13709.55,2018-01-01 21:08:48
13705.4,2018-01-01 21:08:49
13728.59,2018-01-01 21:08:50
13728.59,2018-01-01 21:08:51
13733.59,2018-01-01 21:08:52
13732.86,2018-01-01 21:08:53
13728.59,2018-01-01 21:08:54
13732.05,2018-01-01 21:08:55
13735.6,2018-01-01 21:08:56
13746.46,2018-01-01 21:08:57
13757.87,2018-01-01 21:08:58
13753.21,2018-01-01 21:08:59
13750.29,2018-01-01 21:09:00
13737.65,2018-01-01 21:09:01
13734.51,2018-01-01 21:09:03
13734.51,2018-01-01 21:09:04
13734.2,2018-01-01 21:09:05
13734.2,2018-01-01 21:09:06
13734.22,2018-01-01 21:09:07
13734.22,2018-01-01 21:09:08
13734.21,2018-01-01 21:09:09
13734.2,2018-01-01 21:09:10
13734.19,2018-01-01 21:09:11
13734.2,2018-01-01 21:09:12
13734.2,2018-01-01 21:09:13
13734.2,2018-01-01 21:09:14
13734.19,2018-01-01 21:09:18
13714.69,2018-01-01 21:09:19
13714.72,2018-01-01 21:09:21
13714.69,2018-01-01 21:09:24
13706.59,2018-01-01 21:09:25
13714.69,2018-01-01 21:09:26
13714.69,2018-01-01 21:09:27
13724.2,2018-01-01 21:09:29
13700.2,2018-01-01 21:09:30
13700.2,2018-01-01 21:09:31
13702.4,2018-01-01 21:09:32
13697.0,2018-01-01 21:09:33
13696.63,2018-01-01 21:09:34
13691.41,2018-01-01 21:09:35
13685.2,2018-01-01 21:09:36
13693.15,2018-01-01 21:09:37
13693.15,2018-01-01 21:09:38
13707.7,2018-01-01 21:09:39
13684.25,2018-01-01 21:09:41
13699.64,2018-01-01 21:09:43
13696.39,2018-01-01 21:09:46
13696.38,2018-01-01 21:09:47
13682.61,2018-01-01 21:09:50
13682.62,2018-01-01 21:09:53
13693.04,2018-01-01 21:09:55
13693.03,2018-01-01 21:10:04
13696.64,2018-01-01 21:10:05
13702.93,2018-01-01 21:10:06
13702.92,2018-01-01 21:10:07
13702.95,2018-01-01 21:10:08
13703.5,2018-01-01 21:10:10
13724.83,2018-01-01 21:10:12
13734.07,2018-01-01 21:10:13
13735.31,2018-01-01 21:10:14
13748.71,2018-01-01 21:10:17
13735.31,2018-01-01 21:10:19
13748.71,2018-01-01 21:10:20
13728.29,2018-01-01 21:10:26
13739.38,2018-01-01 21:10:28
13715.78,2018-01-01 21:10:29
13715.58,2018-01-01 21:10:30
13711.25,2018-01-01 21:10:31
13710.1,2018-01-01 21:10:33
13698.05,2018-01-01 21:10:34
13712.66,2018-01-01 21:10:44
13698.05,2018-01-01 21:10:45
13697.84,2018-01-01 21:10:46
13697.85,2018-01-01 21:10:49
13697.85,2018-01-01 21:10:52
13713.91,2018-01-01 21:10:56
13697.88,2018-01-01 21:10:57
13692.0,2018-01-01 21:10:58
13692.0,2018-01-01 21:10:59
13682.61,2018-01-01 21:11:00
13701.84,2018-01-01 21:11:01
13693.66,2018-01-01 21:11:03
13693.68,2018-01-01 21:11:05
13693.68,2018-01-01 21:11:07
13688.73,2018-01-01 21:11:13
13695.57,2018-01-01 21:11:24
13710.36,2018-01-01 21:11:34
13736.54,2018-01-01 21:11:40
13713.08,2018-01-01 21:11:42
13719.92,2018-01-01 21:11:45
13739.14,2018-01-01 21:11:46
13729.28,2018-01-01 21:11:47
13731.92,2018-01-01 21:11:52
13746.98,2018-01-01 21:12:07
13746.96,2018-01-01 21:12:14
13735.25,2018-01-01 21:12:22
13737.4,2018-01-01 21:12:23
13737.4,2018-01-01 21:12:30
13746.92,2018-01-01 21:12:41
13737.39,2018-01-01 21:12:43
13746.92,2018-01-01 21:12:45
13737.39,2018-01-01 21:12:50
13737.39,2018-01-01 21:12:52
13737.39,2018-01-01 21:13:01
13737.39,2018-01-01 21:13:02
13746.88,2018-01-01 21:13:07
13746.88,2018-01-01 21:13:08
13746.88,2018-01-01 21:13:09
13746.88,2018-01-01 21:13:10
13746.89,2018-01-01 21:13:11
13747.04,2018-01-01 21:13:12
13754.03,2018-01-01 21:13:13
13756.44,2018-01-01 21:13:14
13763.13,2018-01-01 21:13:15
13763.13,2018-01-01 21:13:16
13763.13,2018-01-01 21:13:17
13756.25,2018-01-01 21:13:18
13741.55,2018-01-01 21:13:43
13741.56,2018-01-01 21:13:55
13741.52,2018-01-01 21:14:02
13741.52,2018-01-01 21:14:03
13737.39,2018-01-01 21:14:09
13737.39,2018-01-01 21:14:14
13737.39,2018-01-01 21:14:15
13739.24,2018-01-01 21:14:18
13728.54,2018-01-01 21:14:30
13739.24,2018-01-01 21:14:31
13698.49,2018-01-01 21:14:38
13698.48,2018-01-01 21:14:40
13707.78,2018-01-01 21:14:43
13691.98,2018-01-01 21:14:46
13702.18,2018-01-01 21:14:52
13720.66,2018-01-01 21:14:57
13720.68,2018-01-01 21:14:59
13711.35,2018-01-01 21:15:01
13726.4,2018-01-01 21:15:08
13726.4,2018-01-01 21:15:09
13743.97,2018-01-01 21:15:11
13734.96,2018-01-01 21:15:28
13741.68,2018-01-01 21:15:29
13740.46,2018-01-01 21:15:36
13735.86,2018-01-01 21:15:41
13730.96,2018-01-01 21:15:42
13730.98,2018-01-01 21:15:44
13730.96,2018-01-01 21:15:45
13720.69,2018-01-01 21:15:59
13720.68,2018-01-01 21:16:04
13719.72,2018-01-01 21:16:16
13719.71,2018-01-01 21:16:17
13719.98,2018-01-01 21:16:18
13689.84,2018-01-01 21:16:21
13689.83,2018-01-01 21:16:23
13689.81,2018-01-01 21:16:26
13686.63,2018-01-01 21:16:28
13686.63,2018-01-01 21:16:32
13686.63,2018-01-01 21:16:33
13676.87,2018-01-01 21:16:35
13676.87,2018-01-01 21:16:38
13676.87,2018-01-01 21:16:40
13676.87,2018-01-01 21:16:41
13676.87,2018-01-01 21:16:44
13660.29,2018-01-01 21:16:49
13676.85,2018-01-01 21:16:50
13676.86,2018-01-01 21:16:51
13666.86,2018-01-01 21:17:09
13658.79,2018-01-01 21:17:10
13650.71,2018-01-01 21:17:14
13658.47,2018-01-01 21:17:15
13676.84,2018-01-01 21:17:19
13676.84,2018-01-01 21:17:20
13658.52,2018-01-01 21:17:21
13658.47,2018-01-01 21:17:22
13658.47,2018-01-01 21:17:23
13657.4,2018-01-01 21:17:27
13650.7,2018-01-01 21:17:33
13657.39,2018-01-01 21:17:38
13657.39,2018-01-01 21:17:39
13657.39,2018-01-01 21:17:41
13657.39,2018-01-01 21:17:43
13671.43,2018-01-01 21:17:45
13671.44,2018-01-01 21:17:46
13671.43,2018-01-01 21:17:47
13650.71,2018-01-01 21:17:58
13643.89,2018-01-01 21:17:59
13660.37,2018-01-01 21:18:00
13660.35,2018-01-01 21:18:03
13661.74,2018-01-01 21:18:04
13643.32,2018-01-01 21:18:36
13669.98,2018-01-01 21:18:39
13686.87,2018-01-01 21:19:10
13690.05,2018-01-01 21:19:13
13708.97,2018-01-01 21:19:14
13709.71,2018-01-01 21:19:15
13705.88,2018-01-01 21:19:18
13705.9,2018-01-01 21:19:19
13709.92,2018-01-01 21:19:20
13709.92,2018-01-01 21:19:21
13709.92,2018-01-01 21:19:22
13709.92,2018-01-01 21:19:23
13709.92,2018-01-01 21:19:24
13707.31,2018-01-01 21:19:31
13712.8,2018-01-01 21:19:50
13709.6,2018-01-01 21:19:51
13699.81,2018-01-01 21:19:56
13699.72,2018-01-01 21:19:57
13699.72,2018-01-01 21:19:58
13699.72,2018-01-01 21:20:09
13704.24,2018-01-01 21:20:10
13699.72,2018-01-01 21:20:15
13711.49,2018-01-01 21:20:19
13692.0,2018-01-01 21:21:06
13679.91,2018-01-01 21:21:07
13689.14,2018-01-01 21:21:33
13689.14,2018-01-01 21:21:34
13689.14,2018-01-01 21:21:35
13715.94,2018-01-01 21:22:27
13725.16,2018-01-01 21:22:28
13732.3,2018-01-01 21:22:29
13738.54,2018-01-01 21:22:30
13731.68,2018-01-01 21:22:31
13731.88,2018-01-01 21:22:34
13731.88,2018-01-01 21:22:35
13731.88,2018-01-01 21:22:36
13715.82,2018-01-01 21:22:37
13731.88,2018-01-01 21:22:39
13731.88,2018-01-01 21:22:40
13711.55,2018-01-01 21:22:41
13731.88,2018-01-01 21:22:48
13731.88,2018-01-01 21:22:52
13710.09,2018-01-01 21:23:05
13710.13,2018-01-01 21:23:14
13710.13,2018-01-01 21:23:15
13710.13,2018-01-01 21:23:17
13707.13,2018-01-01 21:23:18
13710.12,2018-01-01 21:23:20
13724.27,2018-01-01 21:23:21
13724.67,2018-01-01 21:23:22
13707.14,2018-01-01 21:23:23
13707.13,2018-01-01 21:23:24
13724.67,2018-01-01 21:23:25
13726.88,2018-01-01 21:23:26
13732.41,2018-01-01 21:23:31
13734.35,2018-01-01 21:23:33
13745.13,2018-01-01 21:23:35
13731.84,2018-01-01 21:23:46
13758.99,2018-01-01 21:24:00
13758.99,2018-01-01 21:24:01
13765.2,2018-01-01 21:24:02
13758.99,2018-01-01 21:24:08
13758.99,2018-01-01 21:24:11
13758.99,2018-01-01 21:24:12
13759.0,2018-01-01 21:24:13
13758.99,2018-01-01 21:24:14
13752.11,2018-01-01 21:24:15
13746.8,2018-01-01 21:24:16
13730.63,2018-01-01 21:24:17
13726.2,2018-01-01 21:24:20
13723.78,2018-01-01 21:24:21
13713.47,2018-01-01 21:24:22
13725.0,2018-01-01 21:24:23
13739.88,2018-01-01 21:24:24
13748.4,2018-01-01 21:24:26
13712.28,2018-01-01 21:24:27
13721.09,2018-01-01 21:24:30
13721.56,2018-01-01 21:24:31
13723.04,2018-01-01 21:24:34
13734.35,2018-01-01 21:24:35
13715.73,2018-01-01 21:24:36
13725.55,2018-01-01 21:24:37
13729.48,2018-01-01 21:24:38
13745.71,2018-01-01 21:24:41
13754.05,2018-01-01 21:24:42
13739.85,2018-01-01 21:24:44
13745.43,2018-01-01 21:24:45
13756.36,2018-01-01 21:24:51
13756.36,2018-01-01 21:24:52
13766.0,2018-01-01 21:24:54
13766.0,2018-01-01 21:24:55
13766.0,2018-01-01 21:24:56
13767.0,2018-01-01 21:24:58
13767.02,2018-01-01 21:25:02
13767.01,2018-01-01 21:25:04
13765.48,2018-01-01 21:25:08
13751.39,2018-01-01 21:25:10
13740.11,2018-01-01 21:25:11
13751.37,2018-01-01 21:25:14
13740.36,2018-01-01 21:25:19
13727.57,2018-01-01 21:25:23
13722.26,2018-01-01 21:25:45
13722.26,2018-01-01 21:25:46
13737.82,2018-01-01 21:25:53
13740.12,2018-01-01 21:25:54
13740.6,2018-01-01 21:25:55
13757.87,2018-01-01 21:25:56
13761.85,2018-01-01 21:25:59
13761.85,2018-01-01 21:26:00
13755.21,2018-01-01 21:26:01
13767.0,2018-01-01 21:26:02
13755.21,2018-01-01 21:26:04
13775.43,2018-01-01 21:26:05
13750.47,2018-01-01 21:26:12
13745.57,2018-01-01 21:26:14
13743.72,2018-01-01 21:26:15
13741.19,2018-01-01 21:26:18
13752.95,2018-01-01 21:26:21
13737.0,2018-01-01 21:26:28
13741.19,2018-01-01 21:26:34
13741.2,2018-01-01 21:26:35
13741.19,2018-01-01 21:26:36
13750.32,2018-01-01 21:26:37
13750.32,2018-01-01 21:26:38
13750.32,2018-01-01 21:26:39
13760.8,2018-01-01 21:26:41
13760.84,2018-01-01 21:26:42
13750.32,2018-01-01 21:26:43
13750.32,2018-01-01 21:26:47
13750.33,2018-01-01 21:26:48
13750.32,2018-01-01 21:26:50
13750.32,2018-01-01 21:26:53
13750.32,2018-01-01 21:26:54
13750.32,2018-01-01 21:26:55
13750.33,2018-01-01 21:26:57
13750.32,2018-01-01 21:27:01
13750.32,2018-01-01 21:27:02
13750.32,2018-01-01 21:27:04
13750.32,2018-01-01 21:27:07
13750.32,2018-01-01 21:27:08
13750.32,2018-01-01 21:27:09
13750.32,2018-01-01 21:27:12
13750.32,2018-01-01 21:27:14
13750.32,2018-01-01 21:27:15
13750.32,2018-01-01 21:27:16
13750.32,2018-01-01 21:27:18
13750.32,2018-01-01 21:27:20
13750.32,2018-01-01 21:27:21
13751.34,2018-01-01 21:27:25
13750.32,2018-01-01 21:27:28
13750.32,2018-01-01 21:27:29
13750.32,2018-01-01 21:27:32
13750.32,2018-01-01 21:27:39
13756.33,2018-01-01 21:27:46
13751.52,2018-01-01 21:27:47
13758.77,2018-01-01 21:27:48
13761.27,2018-01-01 21:27:49
13762.5,2018-01-01 21:27:50
13754.7,2018-01-01 21:27:54
13769.91,2018-01-01 21:27:56
13769.87,2018-01-01 21:27:57
13755.72,2018-01-01 21:28:00
13750.32,2018-01-01 21:28:07
13750.33,2018-01-01 21:28:15
13750.32,2018-01-01 21:28:18
13750.33,2018-01-01 21:28:22
13750.32,2018-01-01 21:28:23
13750.32,2018-01-01 21:28:25
13750.32,2018-01-01 21:28:26
13750.32,2018-01-01 21:28:29
13750.32,2018-01-01 21:28:30
13750.32,2018-01-01 21:28:33
13756.34,2018-01-01 21:28:34
13763.2,2018-01-01 21:28:35
13761.1,2018-01-01 21:28:36
13766.67,2018-01-01 21:28:37
13770.61,2018-01-01 21:28:41
13768.9,2018-01-01 21:28:42
13771.07,2018-01-01 21:28:43
13778.22,2018-01-01 21:28:48
13781.87,2018-01-01 21:28:49
13782.26,2018-01-01 21:28:50
13794.18,2018-01-01 21:28:51
13784.62,2018-01-01 21:28:52
13782.51,2018-01-01 21:28:53
13783.69,2018-01-01 21:28:55
13783.64,2018-01-01 21:28:57
13783.7,2018-01-01 21:28:58
13783.69,2018-01-01 21:29:03
13783.69,2018-01-01 21:29:04
13770.61,2018-01-01 21:29:05
13783.69,2018-01-01 21:29:11
13770.61,2018-01-01 21:29:12
13791.06,2018-01-01 21:29:14
13770.64,2018-01-01 21:29:19
13797.39,2018-01-01 21:29:23
13776.48,2018-01-01 21:29:27
13792.05,2018-01-01 21:29:31
13792.06,2018-01-01 21:29:34
13783.93,2018-01-01 21:29:37
13783.92,2018-01-01 21:29:39
13787.77,2018-01-01 21:29:41
13776.49,2018-01-01 21:29:45
13776.42,2018-01-01 21:29:46
13788.02,2018-01-01 21:29:50
13772.83,2018-01-01 21:29:53
13771.04,2018-01-01 21:29:55
13771.89,2018-01-01 21:30:03
13788.02,2018-01-01 21:30:04
13787.99,2018-01-01 21:30:08
13771.94,2018-01-01 21:30:10
13783.94,2018-01-01 21:30:12
13797.7,2018-01-01 21:30:13
13795.31,2018-01-01 21:30:14
13782.44,2018-01-01 21:30:15
13775.84,2018-01-01 21:30:17
13798.07,2018-01-01 21:30:20
13797.98,2018-01-01 21:30:23
13798.98,2018-01-01 21:30:24
13799.0,2018-01-01 21:30:25
13800.59,2018-01-01 21:30:26
13800.6,2018-01-01 21:30:27
13803.6,2018-01-01 21:30:28
13827.77,2018-01-01 21:30:33
13817.41,2018-01-01 21:30:34
13827.76,2018-01-01 21:30:43
13838.87,2018-01-01 21:30:45
13838.87,2018-01-01 21:30:49
13843.83,2018-01-01 21:30:50
13828.48,2018-01-01 21:30:51
13826.75,2018-01-01 21:30:52
13838.8,2018-01-01 21:30:55
13836.98,2018-01-01 21:30:59
13828.27,2018-01-01 21:31:00
13852.26,2018-01-01 21:31:01
13828.56,2018-01-01 21:31:05
13822.87,2018-01-01 21:31:06
13815.32,2018-01-01 21:31:07
13818.0,2018-01-01 21:31:08
13818.01,2018-01-01 21:31:10
13809.28,2018-01-01 21:31:14
13838.17,2018-01-01 21:31:15
13850.58,2018-01-01 21:31:19
13800.51,2018-01-01 21:31:20
13822.44,2018-01-01 21:31:21
13828.93,2018-01-01 21:31:23
13818.01,2018-01-01 21:31:24
13818.01,2018-01-01 21:31:26
13819.71,2018-01-01 21:31:34
13819.26,2018-01-01 21:31:41
13816.29,2018-01-01 21:31:49
13816.95,2018-01-01 21:31:56
13825.77,2018-01-01 21:32:03
13824.78,2018-01-01 21:32:06
13850.58,2018-01-01 21:32:09
13811.97,2018-01-01 21:32:13
13810.96,2018-01-01 21:32:14
13809.96,2018-01-01 21:32:15
13832.2,2018-01-01 21:32:17
13812.2,2018-01-01 21:32:18
13805.99,2018-01-01 21:32:19
13799.75,2018-01-01 21:32:20
13785.29,2018-01-01 21:32:23
13777.34,2018-01-01 21:32:26
13772.14,2018-01-01 21:32:30
13772.14,2018-01-01 21:32:34
13785.19,2018-01-01 21:32:36
13772.14,2018-01-01 21:32:39
13772.14,2018-01-01 21:32:42
13772.14,2018-01-01 21:32:43
13771.04,2018-01-01 21:32:44
13756.88,2018-01-01 21:32:45
13758.04,2018-01-01 21:32:50
13750.32,2018-01-01 21:32:51
13762.23,2018-01-01 21:32:52
13750.32,2018-01-01 21:32:57
13750.55,2018-01-01 21:32:58
13750.55,2018-01-01 21:32:59
13750.32,2018-01-01 21:33:01
13769.7,2018-01-01 21:33:02
13768.61,2018-01-01 21:33:03
13768.6,2018-01-01 21:33:04
13768.6,2018-01-01 21:33:05
13768.6,2018-01-01 21:33:08
13768.6,2018-01-01 21:33:09
13777.21,2018-01-01 21:33:11
13765.55,2018-01-01 21:33:12
13765.55,2018-01-01 21:33:18
13750.33,2018-01-01 21:33:19
13765.54,2018-01-01 21:33:24
13762.79,2018-01-01 21:33:26
13750.31,2018-01-01 21:33:28
13750.32,2018-01-01 21:33:29
13750.31,2018-01-01 21:33:30
13750.31,2018-01-01 21:33:31
13750.31,2018-01-01 21:33:32
13738.0,2018-01-01 21:33:40
13738.01,2018-01-01 21:33:47
13738.0,2018-01-01 21:33:48
13738.0,2018-01-01 21:33:49
13737.7,2018-01-01 21:33:50
13737.7,2018-01-01 21:33:51
13728.28,2018-01-01 21:33:57
13718.98,2018-01-01 21:34:04
13733.0,2018-01-01 21:34:05
13733.08,2018-01-01 21:34:06
13732.78,2018-01-01 21:34:07
13732.78,2018-01-01 21:34:08
13732.79,2018-01-01 21:34:10
13752.12,2018-01-01 21:34:11
13752.12,2018-01-01 21:34:12
13752.12,2018-01-01 21:34:14
13752.14,2018-01-01 21:34:19
13752.15,2018-01-01 21:34:22
13771.19,2018-01-01 21:34:24
13771.19,2018-01-01 21:34:25
13771.14,2018-01-01 21:34:26
13771.21,2018-01-01 21:34:27
13771.21,2018-01-01 21:34:28
13771.21,2018-01-01 21:34:29
13788.97,2018-01-01 21:34:32
13764.61,2018-01-01 21:34:36
13780.57,2018-01-01 21:34:39
13780.57,2018-01-01 21:34:40
13780.57,2018-01-01 21:34:41
13780.57,2018-01-01 21:34:42
13765.79,2018-01-01 21:34:43
13759.66,2018-01-01 21:34:47
13755.22,2018-01-01 21:34:49
13748.88,2018-01-01 21:34:50
13734.58,2018-01-01 21:34:51
13734.58,2018-01-01 21:35:09
13734.56,2018-01-01 21:35:12
13725.04,2018-01-01 21:35:34
13725.24,2018-01-01 21:35:38
13726.29,2018-01-01 21:35:39
13726.29,2018-01-01 21:35:40
13726.29,2018-01-01 21:35:42
13724.98,2018-01-01 21:35:44
13725.01,2018-01-01 21:35:50
13725.04,2018-01-01 21:35:55
13722.26,2018-01-01 21:35:56
13739.43,2018-01-01 21:35:58
13742.15,2018-01-01 21:35:59
13722.29,2018-01-01 21:36:03
13736.78,2018-01-01 21:36:09
13722.26,2018-01-01 21:36:14
13722.26,2018-01-01 21:36:15
13722.26,2018-01-01 21:36:16
13722.25,2018-01-01 21:36:17
13722.25,2018-01-01 21:36:18
13714.67,2018-01-01 21:36:19
13707.81,2018-01-01 21:36:26
13716.65,2018-01-01 21:36:29
13716.36,2018-01-01 21:36:32
13716.36,2018-01-01 21:36:34
13716.35,2018-01-01 21:36:35
13716.35,2018-01-01 21:36:36
13716.34,2018-01-01 21:36:37
13716.34,2018-01-01 21:36:38
13705.41,2018-01-01 21:36:39
13716.04,2018-01-01 21:36:40
13715.9,2018-01-01 21:36:42
13704.4,2018-01-01 21:36:43
13704.4,2018-01-01 21:36:44
13704.39,2018-01-01 21:36:45
13705.4,2018-01-01 21:36:46
13719.61,2018-01-01 21:36:47
13709.68,2018-01-01 21:36:50
13709.68,2018-01-01 21:36:51
13701.74,2018-01-01 21:36:54
13715.49,2018-01-01 21:37:00
13690.71,2018-01-01 21:37:07
13686.44,2018-01-01 21:37:08
13686.44,2018-01-01 21:37:11
13686.44,2018-01-01 21:37:13
13680.84,2018-01-01 21:37:14
13680.24,2018-01-01 21:37:16
13673.57,2018-01-01 21:37:18
13665.23,2018-01-01 21:37:19
13658.07,2018-01-01 21:37:20
13658.07,2018-01-01 21:37:21
13653.04,2018-01-01 21:37:22
13652.04,2018-01-01 21:37:23
13661.72,2018-01-01 21:37:24
13652.02,2018-01-01 21:37:25
13652.02,2018-01-01 21:37:27
13665.58,2018-01-01 21:37:28
13675.57,2018-01-01 21:37:29
13682.55,2018-01-01 21:37:30
13686.98,2018-01-01 21:37:31
13699.66,2018-01-01 21:37:32
13683.49,2018-01-01 21:37:33
13684.97,2018-01-01 21:37:34
13679.34,2018-01-01 21:37:36
13686.14,2018-01-01 21:37:37
13688.5,2018-01-01 21:37:38
13689.59,2018-01-01 21:37:39
13689.59,2018-01-01 21:37:40
13689.59,2018-01-01 21:37:41
13689.6,2018-01-01 21:37:42
13713.43,2018-01-01 21:37:43
13689.59,2018-01-01 21:37:44
13689.59,2018-01-01 21:37:45
13686.0,2018-01-01 21:37:48
13692.5,2018-01-01 21:37:49
13695.95,2018-01-01 21:37:50
13685.68,2018-01-01 21:37:52
13676.87,2018-01-01 21:37:56
13686.1,2018-01-01 21:38:35
13686.22,2018-01-01 21:38:36
13682.4,2018-01-01 21:38:39
13696.8,2018-01-01 21:38:51
13686.78,2018-01-01 21:38:54
13686.81,2018-01-01 21:39:01
13686.8,2018-01-01 21:39:03
13684.1,2018-01-01 21:39:07
13676.87,2018-01-01 21:39:09
13676.87,2018-01-01 21:39:14
13676.88,2018-01-01 21:39:19
13651.16,2018-01-01 21:39:31
13647.12,2018-01-01 21:39:39
13663.82,2018-01-01 21:39:57
13644.83,2018-01-01 21:40:02
13644.84,2018-01-01 21:40:04
13644.85,2018-01-01 21:40:08
13662.3,2018-01-01 21:40:13
13664.26,2018-01-01 21:40:14
13662.36,2018-01-01 21:40:15
13667.97,2018-01-01 21:40:18
13665.7,2018-01-01 21:40:19
13658.87,2018-01-01 21:40:20
13686.3,2018-01-01 21:40:30
13688.15,2018-01-01 21:40:31
13688.15,2018-01-01 21:40:32
13677.76,2018-01-01 21:40:38
13676.85,2018-01-01 21:40:43
13676.09,2018-01-01 21:40:45
13672.72,2018-01-01 21:40:47
13666.37,2018-01-01 21:41:32
13666.38,2018-01-01 21:41:39
13685.37,2018-01-01 21:41:40
13686.36,2018-01-01 21:41:41
13685.35,2018-01-01 21:41:43
13688.16,2018-01-01 21:41:54
13688.19,2018-01-01 21:41:56
13679.55,2018-01-01 21:42:00
13667.36,2018-01-01 21:42:19
13666.38,2018-01-01 21:42:25
13666.38,2018-01-01 21:42:26
13667.36,2018-01-01 21:42:30
13667.36,2018-01-01 21:42:33
13667.36,2018-01-01 21:42:36
13667.36,2018-01-01 21:42:40
13667.36,2018-01-01 21:42:41
13667.36,2018-01-01 21:42:43
13666.37,2018-01-01 21:42:44
13666.37,2018-01-01 21:42:45
13675.31,2018-01-01 21:42:48
13675.91,2018-01-01 21:42:49
13679.9,2018-01-01 21:42:51
13692.0,2018-01-01 21:42:55
13683.43,2018-01-01 21:43:59
13682.42,2018-01-01 21:44:00
13676.87,2018-01-01 21:44:04
13676.87,2018-01-01 21:44:08
13676.87,2018-01-01 21:44:11
13676.87,2018-01-01 21:44:12
13676.87,2018-01-01 21:44:13
13659.36,2018-01-01 21:44:20
13671.78,2018-01-01 21:44:36
13669.17,2018-01-01 21:44:55
13666.77,2018-01-01 21:44:56
13656.87,2018-01-01 21:45:34
13678.63,2018-01-01 21:45:49
13678.62,2018-01-01 21:45:50
13688.23,2018-01-01 21:45:58
13688.2,2018-01-01 21:46:00
13683.21,2018-01-01 21:46:16
13688.23,2018-01-01 21:46:30
13690.83,2018-01-01 21:46:31
13688.28,2018-01-01 21:46:35
13692.11,2018-01-01 21:46:54
13689.57,2018-01-01 21:46:55
13696.37,2018-01-01 21:47:04
13698.65,2018-01-01 21:47:05
13712.44,2018-01-01 21:47:09
13712.44,2018-01-01 21:47:10
13712.45,2018-01-01 21:47:11
13717.2,2018-01-01 21:47:12
13709.12,2018-01-01 21:47:16
13706.09,2018-01-01 21:47:27
13696.86,2018-01-01 21:47:30
13696.86,2018-01-01 21:47:31
13696.86,2018-01-01 21:47:33
13696.86,2018-01-01 21:47:35
13696.37,2018-01-01 21:47:36
13692.0,2018-01-01 21:47:38
13692.0,2018-01-01 21:47:43
13696.99,2018-01-01 21:47:45
13692.0,2018-01-01 21:47:49
13708.04,2018-01-01 21:47:51
13708.04,2018-01-01 21:47:53
13692.0,2018-01-01 21:47:54
13692.0,2018-01-01 21:47:58
13692.0,2018-01-01 21:48:00
13680.0,2018-01-01 21:48:01
13680.0,2018-01-01 21:48:04
13680.0,2018-01-01 21:48:05
13672.35,2018-01-01 21:48:06
13656.87,2018-01-01 21:48:14
13656.75,2018-01-01 21:48:29
13656.75,2018-01-01 21:48:31
13655.96,2018-01-01 21:48:50
13655.96,2018-01-01 21:48:58
13656.87,2018-01-01 21:49:00
13672.52,2018-01-01 21:49:02
13671.4,2018-01-01 21:49:43
13684.67,2018-01-01 21:50:03
13691.82,2018-01-01 21:50:04
13691.83,2018-01-01 21:50:05
13700.68,2018-01-01 21:50:07
13717.57,2018-01-01 21:50:09
13707.81,2018-01-01 21:50:12
13717.55,2018-01-01 21:50:14
13716.92,2018-01-01 21:50:19
13729.1,2018-01-01 21:50:22
13737.37,2018-01-01 21:50:26
13712.61,2018-01-01 21:50:27
13736.67,2018-01-01 21:50:28
13725.48,2018-01-01 21:50:29
13737.38,2018-01-01 21:50:32
13748.09,2018-01-01 21:50:34
13721.65,2018-01-01 21:50:36
13719.14,2018-01-01 21:50:37
13719.08,2018-01-01 21:50:38
13718.0,2018-01-01 21:50:40
13704.32,2018-01-01 21:50:41
13712.1,2018-01-01 21:50:42
13702.21,2018-01-01 21:50:46
13702.21,2018-01-01 21:50:47
13700.86,2018-01-01 21:50:48
13700.86,2018-01-01 21:50:49
13698.74,2018-01-01 21:50:50
13698.45,2018-01-01 21:50:56
13698.45,2018-01-01 21:50:58
13710.94,2018-01-01 21:50:59
13710.94,2018-01-01 21:51:00
13719.34,2018-01-01 21:51:03
13712.22,2018-01-01 21:51:07
13710.81,2018-01-01 21:51:14
13710.22,2018-01-01 21:51:21
13708.7,2018-01-01 21:51:23
13708.17,2018-01-01 21:51:26
13708.18,2018-01-01 21:51:28
13701.33,2018-01-01 21:51:29
13702.33,2018-01-01 21:51:31
13718.11,2018-01-01 21:51:33
13720.57,2018-01-01 21:51:35
13721.58,2018-01-01 21:51:36
13707.34,2018-01-01 21:51:43
13701.92,2018-01-01 21:51:47
13732.44,2018-01-01 21:51:52
13701.95,2018-01-01 21:51:53
13722.26,2018-01-01 21:52:00
13730.55,2018-01-01 21:52:01
13714.19,2018-01-01 21:52:05
13733.99,2018-01-01 21:52:07
13733.24,2018-01-01 21:52:15
13717.87,2018-01-01 21:52:22
13722.71,2018-01-01 21:52:29
13745.85,2018-01-01 21:52:32
13722.26,2018-01-01 21:52:36
13726.78,2018-01-01 21:52:40
13726.78,2018-01-01 21:52:43
13735.73,2018-01-01 21:52:45
13729.24,2018-01-01 21:52:51
13722.26,2018-01-01 21:52:58
13724.54,2018-01-01 21:53:04
13724.54,2018-01-01 21:53:07
13724.54,2018-01-01 21:53:08
13725.28,2018-01-01 21:53:09
13722.26,2018-01-01 21:53:11
13722.27,2018-01-01 21:53:12
13722.26,2018-01-01 21:53:15
13722.27,2018-01-01 21:53:26
13722.26,2018-01-01 21:53:29
13718.1,2018-01-01 21:54:22
13707.89,2018-01-01 21:54:39
13707.9,2018-01-01 21:54:44
13707.9,2018-01-01 21:54:46
13707.89,2018-01-01 21:54:47
13707.9,2018-01-01 21:54:54
13707.13,2018-01-01 21:54:58
13719.73,2018-01-01 21:54:59
13722.02,2018-01-01 21:55:00
13720.55,2018-01-01 21:55:02
13734.69,2018-01-01 21:55:10
13720.54,2018-01-01 21:55:20
13734.68,2018-01-01 21:55:22
13735.24,2018-01-01 21:55:27
13735.25,2018-01-01 21:55:28
13735.23,2018-01-01 21:55:29
13735.22,2018-01-01 21:55:30
13739.68,2018-01-01 21:55:32
13739.37,2018-01-01 21:55:35
13711.61,2018-01-01 21:56:14
13710.0,2018-01-01 21:56:21
13710.8,2018-01-01 21:56:23
13715.18,2018-01-01 21:56:25
13710.26,2018-01-01 21:56:29
13709.4,2018-01-01 21:56:40
13707.13,2018-01-01 21:56:41
13707.13,2018-01-01 21:56:42
13707.14,2018-01-01 21:56:43
13707.13,2018-01-01 21:56:44
13707.13,2018-01-01 21:56:45
13696.43,2018-01-01 21:56:46
13699.75,2018-01-01 21:56:47
13686.59,2018-01-01 21:56:48
13686.58,2018-01-01 21:56:49
13673.12,2018-01-01 21:56:50
13673.13,2018-01-01 21:56:51
13688.47,2018-01-01 21:56:53
13698.03,2018-01-01 21:56:54
13676.2,2018-01-01 21:56:57
13663.53,2018-01-01 21:56:58
13675.99,2018-01-01 21:56:59
13676.0,2018-01-01 21:57:00
13676.0,2018-01-01 21:57:01
13675.99,2018-01-01 21:57:02
13675.79,2018-01-01 21:57:03
13664.45,2018-01-01 21:57:21
13665.29,2018-01-01 21:57:22
13669.22,2018-01-01 21:57:23
13675.79,2018-01-01 21:57:28
13675.79,2018-01-01 21:57:37
13675.79,2018-01-01 21:57:44
13675.79,2018-01-01 21:57:45
13661.35,2018-01-01 21:57:46
13653.18,2018-01-01 21:57:53
13661.55,2018-01-01 21:57:55
13650.58,2018-01-01 21:57:57
13656.86,2018-01-01 21:58:21
13657.6,2018-01-01 21:58:24
13658.71,2018-01-01 21:58:27
13664.63,2018-01-01 21:58:33
13663.94,2018-01-01 21:58:36
13669.83,2018-01-01 21:58:39
13658.02,2018-01-01 21:58:43
13645.27,2018-01-01 21:59:02
13646.96,2018-01-01 21:59:44
13646.98,2018-01-01 21:59:53
13655.96,2018-01-01 21:59:58
